,Artist,Certified Units,Gold,Platinum,Multi-Platinum,Diamond
0,THE BEATLES,183.0,48,42,26,6
1,GARTH BROOKS,157.0,31,31,17,9
2,ELVIS PRESLEY,139.0,101,57,25,1
3,EAGLES,120.0,13,13,11,3
4,LED ZEPPELIN,111.5,19,18,14,5
5,MICHAEL JACKSON,85.0,15,13,9,2
6,BILLY JOEL,84.5,18,17,13,2
7,ELTON JOHN,79.0,38,28,14,1
8,AC/DC,75.0,22,20,12,1
9,PINK FLOYD,75.0,19,15,12,2
10,GEORGE STRAIT,69.0,39,33,13,0
11,BARBRA STREISAND,68.5,51,30,12,0
12,AEROSMITH,66.5,25,18,12,1
13,MARIAH CAREY,66.5,16,13,10,2
14,THE ROLLING STONES,66.5,43,28,11,1
15,BRUCE SPRINGSTEEN,65.5,22,17,11,2
16,MADONNA,64.5,20,17,12,2
17,METALLICA,63.0,13,13,11,1
18,WHITNEY HOUSTON,60.0,11,9,7,3
19,VAN HALEN,56.5,14,13,12,2
20,FLEETWOOD MAC,54.5,14,9,8,1
21,CELINE DION,51.0,13,11,8,2
22,U2,51.0,16,16,11,1
23,NEIL DIAMOND,49.5,40,21,12,0
24,JOURNEY,49.0,13,11,9,2
25,KENNY G,48.0,15,11,8,1
26,SHANIA TWAIN,48.0,5,5,4,3
27,KENNY ROGERS,47.5,28,17,7,1
28,ALABAMA,46.5,23,20,10,0
29,EMINEM,46.5,12,9,8,2
30,TAYLOR SWIFT,46.0,9,9,7,1
31,BOB SEGER & THE SILVER BULLET BAND,44.5,14,13,7,1
32,GUNS N' ROSES,44.5,8,7,5,1
33,ALAN JACKSON,43.5,18,15,8,0
34,SANTANA,43.5,21,10,7,1
35,QUEEN,43.0,20,12,8,0
36,REBA MC ENTIRE,41.0,27,19,9,0
37,ERIC CLAPTON,40.0,23,11,7,1
38,CHICAGO,38.5,23,18,8,0
39,SIMON & GARFUNKEL,38.5,12,11,7,1
40,FOREIGNER,38.0,11,9,7,0
41,ROD STEWART,38.0,27,19,10,0
42,TIM MCGRAW,37.5,14,11,9,0
43,BACKSTREET BOYS,37.0,5,5,3,2
44,2 PAC,36.5,10,9,6,2
45,BOB DYLAN,36.0,33,15,6,0
46,DEF LEPPARD,35.5,11,8,5,2
47,BON JOVI,34.5,14,11,5,1
48,BRITNEY SPEARS,34.5,9,8,4,2
49,DAVE MATTHEWS BAND,34.5,17,14,7,0
50,JOHN DENVER,33.5,22,13,7,0
51,PHIL COLLINS,33.5,10,7,6,1
52,JAMES TAYLOR,33.0,20,14,5,1
53,THE CHICKS,33.0,5,5,4,2
54,THE DOORS,33.0,20,14,5,1
55,R. KELLY,32.0,11,9,6,0
56,PEARL JAM,31.5,12,7,3,1
57,TOM PETTY & THE HEARTBREAKERS,31.5,15,8,5,1
58,WILLIE NELSON,31.5,18,15,6,0
59,BOSTON,31.0,5,5,4,1
60,KENNY CHESNEY,30.5,20,15,5,0
61,LINDA RONSTADT,30.0,17,13,7,0
62,OZZY OSBOURNE,29.0,14,12,9,0
63,LINKIN PARK,28.5,9,8,3,1
64,LYNYRD SKYNYRD,28.5,20,13,7,0
65,ADELE,28.0,3,3,3,2
66,BEE GEES,28.0,15,9,2,1
67,CREEDENCE CLEARWATER REVIVAL,28.0,13,9,6,1
68,MANNHEIM STEAMROLLER,28.0,18,8,4,0
69,MICHAEL BOLTON,28.0,9,7,6,0
70,N SYNC,28.0,4,4,4,2
71,NIRVANA,28.0,8,8,3,1
72,BARRY MANILOW,27.5,24,13,6,0
73,BROOKS & DUNN,27.5,12,11,6,0
74,JAY-Z,27.5,14,13,8,0
75,JOHN MELLENCAMP,27.5,15,12,5,0
76,BOYZ II MEN,27.0,7,5,4,1
77,FRANK SINATRA,27.0,34,10,4,0
78,ENYA,26.5,9,8,5,0
79,JANET JACKSON,26.0,8,8,6,0
80,RUSH,26.0,24,14,3,0
81,DRAKE,25.5,8,7,5,0
82,FAITH HILL,25.5,7,6,6,0
83,LUTHER VANDROSS,25.5,19,16,7,0
84,STEVE MILLER BAND,25.5,10,5,3,1
85,CREED,25.0,4,4,4,1
86,HOOTIE & THE BLOWFISH,25.0,3,3,2,1
87,MOTLEY CRUE,25.0,12,8,5,0
88,RED HOT CHILI PEPPERS,25.0,10,8,6,0
89,TOBY KEITH,25.0,18,12,5,0
90,ZZ TOP,25.0,11,7,4,1
91,R.E.O. SPEEDWAGON,24.5,13,8,4,1
92,THE CARPENTERS,24.5,13,8,6,0
93,GREEN DAY,24.0,9,7,4,1
94,KANYE WEST,24.0,9,7,7,0
95,NICKELBACK,24.0,6,6,4,1
96,VINCE GILL,24.0,13,11,6,0
97,"EARTH, WIND & FIRE",23.5,14,9,6,0
98,JOHNNY CASH,23.5,19,10,6,0
99,KID ROCK,23.5,7,6,4,1
100,SADE,23.5,8,7,6,0
101,THE CARS,23.5,7,6,5,0
102,BEASTIE BOYS,23.0,7,7,6,1
103,JIMI HENDRIX,23.0,16,10,6,0
104,JIMMY BUFFETT,23.0,17,9,3,0
105,RIHANNA,23.0,8,8,7,0
106,TLC,23.0,4,4,3,1
107,HEART,22.5,14,9,6,0
108,LIONEL RICHIE,22.5,9,6,3,1
109,THE BEACH BOYS,22.5,20,9,6,0
110,USHER,22.5,6,5,3,1
111,DOOBIE BROTHERS,22.0,11,7,4,1
112,NELLY,22.0,7,5,3,1
113,OUTKAST,22.0,7,7,4,1
114,THE POLICE,22.0,8,8,4,0
115,BOB MARLEY & THE WAILERS,21.5,11,2,2,1
116,GENESIS,21.5,13,6,4,0
117,JUSTIN BIEBER,21.5,11,8,5,0
118,CARRIE UNDERWOOD,21.0,7,7,4,0
119,KISS,21.0,26,10,3,0
120,LIL WAYNE,21.0,11,9,4,0
121,MEAT LOAF,21.0,5,3,2,1
122,NOTORIOUS B.I.G.,21.0,5,5,3,1
123,THE WHO,21.0,18,12,5,0
124,ALANIS MORISSETTE,20.5,4,3,2,1
125,JOSH GROBAN,20.5,10,5,4,0
126,MARY J. BLIGE,20.5,13,8,6,0
127,PRINCE,20.5,18,11,4,0
128,ALICIA KEYS,20.0,6,6,4,0
129,R.E.M.,20.0,13,7,4,0
130,GRATEFUL DEAD,19.5,21,6,4,0
131,"HANK WILLIAMS, JR.",19.5,23,8,1,0
132,SMASHING PUMPKINS,19.5,9,6,2,1
133,STEVIE WONDER,19.5,12,7,2,1
134,TONI BRAXTON,19.5,6,3,3,0
135,MATCHBOX TWENTY,19.0,5,3,3,1
136,JACKSON BROWNE,18.5,11,8,3,0
137,JANIS JOPLIN,18.5,8,5,3,0
138,JEWEL,18.5,5,4,2,1
139,RASCAL FLATTS,18.5,8,7,5,0
140,SARAH MC LACHLAN,18.5,8,5,4,0
141,"CROSBY, STILLS, NASH & YOUNG",18.0,4,4,3,0
142,DESTINY'S CHILD,18.0,6,6,3,0
143,P!NK,18.0,8,8,5,0
144,RANDY TRAVIS,18.0,12,8,4,0
145,STING,18.0,11,9,5,0
146,THE MONKEES,18.0,9,7,4,0
147,CAROLE KING,17.5,8,3,1,1
148,JOHN MAYER,17.5,9,6,4,0
149,NEIL YOUNG,17.5,18,7,3,0
150,STONE TEMPLE PILOTS,17.5,5,4,3,0
151,STYX,17.5,13,6,5,0
152,AMY GRANT,17.0,13,7,3,0
153,BONNIE RAITT,17.0,9,3,3,0
154,BRYAN ADAMS,17.0,6,6,3,0
155,LADY GAGA,17.0,5,5,3,0
156,NORAH JONES,17.0,4,4,3,1
157,JOHNNY MATHIS,16.5,15,6,2,0
158,KORN,16.5,9,8,4,0
159,LEANN RIMES,16.5,9,6,3,0
160,LIMP BIZKIT,16.5,5,4,3,0
161,NEW KIDS ON THE BLOCK,16.5,5,4,4,0
162,ANDREA BOCELLI,16.0,14,10,3,0
163,BRUNO MARS,16.0,3,3,3,0
164,HAMMER,16.0,4,4,3,1
165,"HARRY CONNICK, JR.",16.0,13,9,4,0
166,MARTINA MCBRIDE,16.0,10,8,4,0
167,PRINCE & THE REVOLUTION,16.0,3,3,2,1
168,SHERYL CROW,16.0,6,6,3,0
169,50 CENT,15.5,3,2,2,0
170,BAD COMPANY,15.5,9,6,4,0
171,CAT STEVENS,15.5,12,5,3,0
172,CHRISTINA AGUILERA,15.5,7,4,2,0
173,DIRE STRAITS,15.5,8,5,2,0
174,GLORIA ESTEFAN,15.5,10,7,4,0
175,ISLEY BROTHERS,15.5,15,10,3,0
176,KANSAS,15.5,9,4,3,0
177,PAUL MC CARTNEY,15.5,16,7,4,0
178,BEYONCE,15.0,6,6,5,0
179,BLACK SABBATH,15.0,12,8,3,0
180,GEORGE MICHAEL,15.0,4,4,3,1
181,INXS,15.0,9,7,3,0
182,NO DOUBT,15.0,4,4,3,1
183,ANNE MURRAY,14.5,15,6,2,0
184,CHRIS BROWN,14.5,9,8,4,0
185,COLDPLAY,14.5,8,7,4,0
186,KEITH URBAN,14.5,10,9,2,0
187,OFFSPRING,14.5,7,4,2,0
188,PATSY CLINE,14.5,6,5,1,1
189,POISON,14.5,7,4,4,0
190,THE CRANBERRIES,14.5,4,3,3,0
191,DAN FOGELBERG,14.0,9,7,5,0
192,DMX,14.0,5,5,3,0
193,JOHN MICHAEL MONTGOMERY,14.0,7,5,3,0
194,TED NUGENT,14.0,8,6,5,0
195,CHARLIE DANIELS BAND,13.5,9,6,3,0
196,NATALIE COLE,13.5,11,4,1,0
197,PAUL SIMON,13.5,11,6,2,0
198,YES,13.5,13,8,2,0
199,3 DOORS DOWN,13.0,5,3,2,0
200,AVRIL LAVIGNE,13.0,5,3,3,0
201,HALL & OATES,13.0,13,7,3,0
202,HUEY LEWIS & THE NEWS,13.0,6,4,2,0
203,KEITH SWEAT,13.0,8,6,3,0
204,LUKE BRYAN,13.0,8,4,3,0
205,MAROON 5,13.0,8,6,3,0
206,MELISSA ETHERIDGE,13.0,7,5,3,0
207,POST MALONE,13.0,3,3,3,0
208,TRACY CHAPMAN,13.0,5,3,2,0
209,ANITA BAKER,12.5,6,5,3,0
210,CHER,12.5,9,4,3,0
211,CLINT BLACK,12.5,8,7,3,0
212,JASON ALDEAN,12.5,8,7,3,0
213,L.L. COOL J,12.5,12,7,3,0
214,NAS,12.5,10,7,3,0
215,PAT BENATAR,12.5,10,7,2,0
216,SNOOP DOGG,12.5,8,7,3,0
217,THE TEMPTATIONS,12.5,17,6,1,0
218,THE WEEKND,12.5,5,4,4,0
219,TOOL,12.5,6,5,4,0
220,TRISHA YEARWOOD,12.5,11,6,2,0
221,WHITESNAKE,12.5,5,4,2,0
222,ANDREW LLOYD WEBBER,12.0,6,6,2,0
223,BETTE MIDLER,12.0,10,6,3,0
224,COUNTING CROWS,12.0,6,4,2,0
225,DURAN DURAN,12.0,10,8,3,0
226,KELLY CLARKSON,12.0,7,5,2,0
227,LIVE,12.0,4,4,2,0
228,LUDACRIS,12.0,7,5,4,0
229,NAT KING COLE,12.0,8,6,1,0
230,ONE DIRECTION,12.0,5,5,4,0
231,TRAVIS TRITT,12.0,7,7,4,0
232,WILL SMITH,12.0,4,2,2,0
233,BONE THUGS 'N HARMONY,11.5,6,5,2,0
234,DISTURBED,11.5,6,5,3,0
235,DON HENLEY,11.5,5,4,2,0
236,DWIGHT YOAKAM,11.5,10,7,2,0
237,ELECTRIC LIGHT ORCHESTRA,11.5,11,4,2,0
238,PAULA ABDUL,11.5,4,3,2,0
239,S.R. VAUGHAN & DOUBLE TROUBLE,11.5,7,6,5,0
240,ALICE IN CHAINS,11.0,7,5,3,0
241,BARRY WHITE,11.0,12,6,2,0
242,BLAKE SHELTON,11.0,12,6,2,0
243,ED SHEERAN,11.0,4,4,3,0
244,GRAND FUNK RAILROAD,11.0,12,6,2,0
245,JENNIFER LOPEZ,11.0,5,5,3,0
246,JETHRO TULL,11.0,15,3,1,0
247,KATY PERRY,11.0,3,3,2,0
248,LAURYN HILL,11.0,2,2,1,1
249,LOVERBOY,11.0,6,4,4,0
250,OLIVIA NEWTON-JOHN,11.0,12,4,3,0
251,SPICE GIRLS,11.0,2,2,2,0
252,STEELY DAN,11.0,12,8,1,0
253,YANNI,11.0,9,5,2,0
254,ABBA,10.5,8,3,1,0
255,ANDY WILLIAMS,10.5,18,3,0,0
256,BILLY RAY CYRUS,10.5,3,2,1,0
257,BRANDY,10.5,4,3,2,0
258,BUSH,10.5,4,3,2,0
259,DEPECHE MODE,10.5,11,6,1,0
260,GEORGE HARRISON,10.5,9,2,1,0
261,JOHN LENNON,10.5,11,4,2,0
262,JUSTIN TIMBERLAKE,10.5,5,4,3,0
263,LENNY KRAVITZ,10.5,8,5,3,0
264,MICHAEL W. SMITH,10.5,14,5,1,0
265,RICKY MARTIN,10.5,4,3,2,0
266,SCORPIONS,10.5,8,7,2,0
267,STEVIE NICKS,10.5,8,5,2,0
268,THE JUDDS,10.5,11,6,2,0
269,ZAC BROWN BAND,10.5,5,4,2,0
270,ACE OF BASE,10.0,2,2,1,0
271,ARETHA FRANKLIN,10.0,14,4,1,0
272,BLINK-182,10.0,6,4,2,0
273,BOBBY BROWN,10.0,3,3,2,0
274,"CROSBY, STILLS & NASH",10.0,4,4,2,0
275,EVANESCENCE,10.0,4,2,2,0
276,KIRK FRANKLIN,10.0,8,6,2,0
277,MASTER P,10.0,6,4,2,0
278,NINE INCH NAILS,10.0,5,3,3,0
279,PAUL MC CARTNEY & WINGS,10.0,9,7,1,0
280,PETER FRAMPTON,10.0,4,2,1,0
281,PETER GABRIEL,10.0,7,3,2,0
282,SAVAGE GARDEN,10.0,2,2,2,0
283,THE MOODY BLUES,10.0,14,6,0,0
284,TINA TURNER,10.0,7,5,1,0
285,VAN MORRISON,10.0,8,2,2,0
286,AIR SUPPLY,9.5,5,4,2,0
287,BLUES TRAVELER,9.5,6,3,1,0
288,DAVID BOWIE,9.5,14,5,0,0
289,DEAN MARTIN,9.5,17,2,0,0
290,DR. DRE,9.5,3,2,2,0
291,JUDAS PRIEST,9.5,12,5,1,0
292,MEN AT WORK,9.5,3,2,2,0
293,RICHARD MARX,9.5,5,4,2,0
294,SUBLIME,9.5,6,3,2,0
295,TONY BENNETT,9.5,12,5,1,0
296,\'WEIRD AL\' YANKOVIC,9.0,10,6,1,0
297,ARIANA GRANDE,9.0,6,6,3,0
298,BREAD,9.0,8,2,1,0
299,CHEAP TRICK,9.0,8,6,1,0
300,DONNA SUMMER,9.0,11,3,2,0
301,GLEN CAMPBELL,9.0,11,5,1,0
302,JULIO IGLESIAS,9.0,8,2,2,0
303,RAGE AGAINST THE MACHINE,9.0,4,4,3,0
304,SOUNDGARDEN,9.0,4,4,2,0
305,STAIND,9.0,4,4,2,0
306,STATLER BROTHERS,9.0,12,2,1,0
307,SUGARLAND,9.0,4,4,3,0
308,WAYLON JENNINGS,9.0,8,2,1,0
309,ALLMAN BROTHERS,8.5,11,4,1,0
310,BABYFACE,8.5,4,3,3,0
311,BOZ SCAGGS,8.5,5,4,1,0
312,BRAD PAISLEY,8.5,8,5,2,0
313,CARLY SIMON,8.5,8,5,1,0
314,CYNDI LAUPER,8.5,3,2,2,0
315,ERIC CHURCH,8.5,6,5,2,0
316,GODSMACK,8.5,6,3,2,0
317,JA RULE,8.5,5,4,2,0
318,MARY CHAPIN CARPENTER,8.5,6,3,2,0
319,MICHAEL BUBLE,8.5,6,5,2,0
320,PANIC! AT THE DISCO,8.5,6,5,2,0
321,THE CURE,8.5,8,5,2,0
322,TOO SHORT,8.5,9,6,1,0
323,TRANS-SIBERIAN ORCHESTRA,8.5,5,4,3,0
324,WU-TANG CLAN,8.5,4,3,2,0
325,"10,000 MANIACS",8.0,4,4,3,0
326,ALICE COOPER,8.0,9,7,0,0
327,CYPRESS HILL,8.0,6,4,2,0
328,DAUGHTRY,8.0,4,2,1,0
329,ENRIQUE IGLESIAS,8.0,8,4,1,0
330,GEORGE BENSON,8.0,8,4,1,0
331,ICE CUBE,8.0,9,5,1,0
332,J. COLE,8.0,5,5,2,0
333,JEFF FOXWORTHY,8.0,5,3,2,0
334,LADY A,8.0,5,3,2,0
335,MIRANDA LAMBERT,8.0,6,6,2,0
336,NICKI MINAJ,8.0,4,4,3,0
337,"PETER, PAUL & MARY",8.0,9,3,2,0
338,RATT,8.0,6,4,2,0
339,SALT 'N PEPA,8.0,5,3,1,0
340,SLY & THE FAMILY STONE,8.0,5,3,1,0
341,TANYA TUCKER,8.0,12,4,0,0
342,TEARS FOR FEARS,8.0,5,3,1,0
343,THREE DOG NIGHT,8.0,14,2,0,0
344,98 DEGREES,7.5,4,3,2,0
345,AMERICA,7.5,6,3,1,0
346,BARENAKED LADIES,7.5,6,3,1,0
347,BILL COSBY,7.5,9,6,0,0
348,"BLOOD, SWEAT & TEARS",7.5,5,2,2,0
349,BRIAN MC KNIGHT,7.5,6,3,2,0
350,COLLECTIVE SOUL,7.5,5,4,2,0
351,DEEP PURPLE,7.5,9,4,1,0
352,ENIGMA,7.5,4,3,2,0
353,GEORGE JONES,7.5,10,3,1,0
354,JEFFERSON STARSHIP,7.5,10,3,1,0
355,KENDRICK LAMAR,7.5,4,3,2,0
356,KENNY LOGGINS,7.5,10,5,0,0
357,KOOL & THE GANG,7.5,9,4,1,0
358,NEW EDITION,7.5,5,4,3,0
359,RAY CHARLES,7.5,8,3,1,0
360,RAY CONNIFF,7.5,11,4,0,0
361,SHAGGY,7.5,3,2,1,0
362,STEVE WINWOOD,7.5,5,4,2,0
363,SUSAN BOYLE,7.5,3,2,2,0
364,THE BLACK CROWES,7.5,3,2,2,0
365,THE TALKING HEADS,7.5,8,3,2,0
366,TORI AMOS,7.5,6,5,2,0
367,TOTO,7.5,6,3,2,0
368,TRACE ADKINS,7.5,8,5,1,0
369,VANILLA ICE,7.5,2,1,1,0
370,WHAM!,7.5,3,2,1,0
371,WYNONNA JUDD,7.5,4,3,1,0
372,311,7.0,7,3,1,0
373,AALIYAH,7.0,4,4,3,0
374,CASTING CROWNS,7.0,7,5,1,0
375,CINDERELLA,7.0,3,3,2,0
376,DOLLY PARTON,7.0,10,4,0,0
377,FOO FIGHTERS,7.0,7,7,0,0
378,FUGEES,7.0,1,1,1,0
379,FUTURE,7.0,8,4,1,0
380,GEORGE WINSTON,7.0,7,3,1,0
381,GOO GOO DOLLS,7.0,4,2,2,0
382,HANSON,7.0,5,3,1,0
383,JONI MITCHELL,7.0,9,3,1,0
384,JUVENILE,7.0,5,3,1,0
385,LOGGINS & MESSINA,7.0,7,5,1,0
386,MILES DAVIS,7.0,3,3,1,0
387,MONICA,7.0,4,2,2,0
388,O'JAYS,7.0,10,4,0,0
389,P. DIDDY & THE FAMILY,7.0,1,1,1,0
390,PANTERA,7.0,7,5,1,0
391,QUIET RIOT,7.0,2,2,1,0
392,RADIOHEAD,7.0,8,4,1,0
393,RICKY VAN SHELTON,7.0,9,5,0,0
394,SELENA,7.0,5,3,2,0
395,SHAKIRA,7.0,5,5,1,0
396,SKID ROW,7.0,2,2,2,0
397,SUPERTRAMP,7.0,6,2,1,0
398,SYSTEM OF A DOWN,7.0,5,5,1,0
399,T.I.,7.0,7,5,1,0
400,THE BLACK EYED PEAS,7.0,3,3,3,0
401,THIRD EYE BLIND,7.0,2,2,1,0
402,TRACY LAWRENCE,7.0,6,4,2,0
403,TRAIN,7.0,5,5,1,0
404,TWENTY ONE PILOTS,7.0,3,3,2,0
405,ALISON KRAUSS,6.5,7,2,2,0
406,B-52'S,6.5,5,2,1,0
407,BILLY IDOL,6.5,6,5,1,0
408,BING CROSBY,6.5,3,2,2,0
409,CEDARMONT KIDS,6.5,8,5,0,0
410,ENGELBERT HUMPERDINCK,6.5,10,1,1,0
411,ERYKAH BADU,6.5,4,3,2,0
412,EURYTHMICS,6.5,6,3,1,0
413,GLORIA ESTEFAN & MIAMI SOUND,6.5,3,2,2,0
414,H. ALPERT & THE TIJUANA BRASS,6.5,13,0,0,0
415,INDIGO GIRLS,6.5,7,4,1,0
416,IRON MAIDEN,6.5,8,5,0,0
417,JESSICA SIMPSON,6.5,5,2,2,0
418,LONESTAR,6.5,6,3,1,0
419,LORRIE MORGAN,6.5,7,4,1,0
420,MARVIN GAYE,6.5,6,3,1,0
421,MEGADETH,6.5,6,5,1,0
422,MERCYME,6.5,8,1,1,0
423,MILLI VANILLI,6.5,2,1,1,0
424,MISSY ELLIOTT,6.5,6,5,1,0
425,MY CHEMICAL ROMANCE,6.5,3,2,2,0
426,NATALIE MERCHANT,6.5,3,2,1,0
427,OAK RIDGE BOYS,6.5,8,3,1,0
428,ROBERT PLANT,6.5,6,3,1,0
429,TESLA,6.5,6,5,1,0
430,WEEZER,6.5,5,4,1,0
431,AL GREEN,6.0,8,2,1,0
432,BECK,6.0,8,2,1,0
433,BILLY OCEAN,6.0,4,4,2,0
434,BILLY SQUIER,6.0,3,3,2,0
435,BUSTA RHYMES,6.0,7,5,0,0
436,CULTURE CLUB,6.0,3,3,1,0
437,DIDO,6.0,2,2,2,0
438,FALL OUT BOY,6.0,6,4,1,0
439,FOGHAT,6.0,8,2,1,0
440,GORDON LIGHTFOOT,6.0,7,3,1,0
441,GRETCHEN WILSON,6.0,2,2,1,0
442,GWEN STEFANI,6.0,2,2,1,0
443,HELEN REDDY,6.0,8,2,1,0
444,HILARY DUFF,6.0,5,3,1,0
445,INCUBUS,6.0,5,3,2,0
446,JODECI,6.0,3,3,2,0
447,MUMFORD & SONS,6.0,3,3,2,0
448,OASIS,6.0,3,3,1,0
449,PARAMORE,6.0,5,3,1,0
450,PATTY LOVELESS,6.0,8,4,0,0
451,PITBULL,6.0,5,3,2,0
452,POINTER SISTERS,6.0,6,2,1,0
453,QUEENSRYCHE,6.0,5,3,1,0
454,ROBERTA FLACK,6.0,7,3,1,0
455,RONNIE MILSAP,6.0,8,2,1,0
456,RUN-D.M.C.,6.0,5,3,1,0
457,SAM SMITH,6.0,2,2,1,0
458,SEAL,6.0,4,2,1,0
459,SEALS & CROFTS,6.0,6,2,2,0
460,SISQO,6.0,2,2,1,0
461,SLIPKNOT,6.0,6,4,1,0
462,SPIN DOCTORS,6.0,2,2,1,0
463,STEVEN CURTIS CHAPMAN,6.0,10,2,0,0
464,TEDDY PENDERGRASS,6.0,8,4,0,0
465,THREE DAYS GRACE,6.0,3,3,2,0
466,WAR,6.0,10,2,0,0
467,WILSON PHILLIPS,6.0,2,2,1,0
468,XXXTENTACION,6.0,4,2,2,0
469,112,5.5,4,3,2,0
470,ASIA,5.5,3,2,1,0
471,BLACKSTREET,5.5,3,2,1,0
472,CARMAN,5.5,9,2,0,0
473,CHARLEY PRIDE,5.5,11,0,0,0
474,CHRIS STAPLETON,5.5,3,2,1,0
475,CHRISTOPHER CROSS,5.5,2,1,1,0
476,COLLIN RAYE,5.5,6,5,0,0
477,DC TALK,5.5,6,3,1,0
478,DEANA CARTER,5.5,2,1,1,0
479,DEBBIE GIBSON,5.5,3,2,2,0
480,DIAMOND RIO,5.5,8,3,0,0
481,DJ JAZZY JEFF & FRESH PRINCE,5.5,5,2,1,0
482,EDDIE MONEY,5.5,5,4,1,0
483,GARY ALLAN,5.5,8,3,0,0
484,GINUWINE,5.5,4,3,2,0
485,JACK JOHNSON,5.5,5,4,1,0
486,JASON MRAZ,5.5,4,3,1,0
487,KRIS KROSS,5.5,3,2,1,0
488,LEE ANN WOMACK,5.5,5,2,1,0
489,LOS TIGRES DEL NORTE,5.5,10,1,0,0
490,MARC ANTHONY,5.5,6,1,1,0
491,MAXWELL,5.5,5,4,1,0
492,MERLE HAGGARD,5.5,8,3,0,0
493,MITCH MILLER & THE GANG,5.5,11,0,0,0
494,N.W.A.,5.5,4,3,1,0
495,PHISH,5.5,9,2,0,0
496,ROB ZOMBIE,5.5,4,3,1,0
497,SANDI PATTI,5.5,8,3,0,0
498,SARA EVANS,5.5,6,3,1,0
499,SMASH MOUTH,5.5,3,2,2,0
500,SUGAR RAY,5.5,3,2,2,0
501,THE THREE TENORS,5.5,5,2,1,0
502,THIRD DAY,5.5,9,2,0,0
503,YOUNG JEEZY,5.5,5,4,1,0
504,ADAM SANDLER,5.0,4,2,2,0
505,ALAN PARSONS PROJECT,5.0,7,3,0,0
506,ALL-4-ONE,5.0,2,2,1,0
507,ASHANTI,5.0,3,3,1,0
508,AVENGED SEVENFOLD,5.0,5,5,0,0
509,BANGLES,5.0,3,3,1,0
510,BELL BIV DEVOE,5.0,3,1,1,0
511,BILLIE EILISH,5.0,2,2,1,0
512,BLONDIE,5.0,4,4,1,0
513,BOW WOW,5.0,5,3,1,0
514,C&C MUSIC FACTORY,5.0,1,1,1,0
515,CAMEO,5.0,9,1,0,0
516,CHARLIE RICH,5.0,3,1,1,0
517,CLAY WALKER,5.0,6,4,0,0
518,COMMODORES,5.0,7,3,0,0
519,DIANA KRALL,5.0,7,3,0,0
520,EN VOGUE,5.0,3,3,1,0
521,FERGIE,5.0,1,1,1,0
522,FIVE FINGER DEATH PUNCH,5.0,7,3,0,0
523,GEORGE THOROGOOD & THE DESTROYERS,5.0,8,2,0,0
524,GIN BLOSSOMS,5.0,2,2,1,0
525,IMAGINE DRAGONS,5.0,3,3,2,0
526,JAY-Z & KANYE WEST,5.0,1,1,1,0
527,JOE,5.0,4,2,1,0
528,K-CI & JOJO,5.0,3,3,1,0
529,KESHA,5.0,4,2,1,0
530,KHALID,5.0,2,2,2,0
531,LIL BABY,5.0,4,2,1,0
532,LITTLE RIVER BAND,5.0,5,3,1,0
533,LUKE COMBS,5.0,2,2,2,0
534,MASE,5.0,3,1,1,0
535,MILEY CYRUS,5.0,3,3,1,0
536,MILEY CYRUS AS HANNAH MONTANA,5.0,2,2,2,0
537,MYSTIKAL,5.0,5,3,1,0
538,QUINCY JONES,5.0,6,4,0,0
539,SHINEDOWN,5.0,5,3,1,0
540,THE BLACK KEYS,5.0,4,2,2,0
541,THE CLASH,5.0,5,3,1,0
542,THE FRAY,5.0,2,2,1,0
543,THE JACKSONS,5.0,5,3,1,0
544,TIFFANY,5.0,2,2,1,0
545,TOM JONES,5.0,10,0,0,0
546,TRAVIS SCOTT,5.0,3,3,1,0
547,VANESSA WILLIAMS,5.0,4,2,1,0
548,YOUNGBOY NEVER BROKE AGAIN,5.0,7,3,0,0
549,A BOOGIE WIT DA HOODIE,4.5,4,3,1,0
550,A TRIBE CALLED QUEST,4.5,6,3,0,0
551,AL JARREAU,4.5,7,2,0,0
552,ANNIE LENNOX,4.5,3,2,2,0
553,ARRESTED DEVELOPMENT,4.5,2,1,1,0
554,AUDIOSLAVE,4.5,3,2,1,0
555,BIG & RICH,4.5,3,2,1,0
556,BIG SEAN,4.5,4,3,1,0
557,BRUCE HORNSBY & THE RANGE,4.5,3,2,1,0
558,CANDLEBOX,4.5,2,1,1,0
559,CHARLOTTE CHURCH,4.5,4,3,1,0
560,CHRIS TOMLIN,4.5,7,2,0,0
561,CREAM,4.5,7,2,0,0
562,DIANA ROSS,4.5,7,2,0,0
563,DIERKS BENTLEY,4.5,7,2,0,0
564,FIONA APPLE,4.5,3,2,1,0
565,FLORIDA GEORGIA LINE,4.5,4,3,1,0
566,GOOD CHARLOTTE,4.5,3,2,1,0
567,HANK WILLIAMS,4.5,5,4,0,0
568,IRON BUTTERFLY,4.5,2,1,1,0
569,JEFF BECK,4.5,7,2,0,0
570,JEFFERSON AIRPLANE,4.5,7,2,0,0
571,JO DEE MESSINA,4.5,5,2,1,0
572,JOSH TURNER,4.5,5,2,1,0
573,KEVIN GATES,4.5,5,2,1,0
574,KIDZ BOP KIDS,4.5,9,0,0,0
575,LAKE EMERSON & PALMER,4.5,9,0,0,0
576,LIL UZI VERT,4.5,4,3,1,0
577,LIL' JON & THE EASTSIDE BOYZ,4.5,3,2,2,0
578,LUIS MIGUEL,4.5,6,3,0,0
579,MARILYN MANSON,4.5,6,3,0,0
580,MARK CHESNUTT,4.5,5,4,0,0
581,MAZE FEAT. FRANKIE BEVERLY,4.5,9,0,0,0
582,MOLLY HATCHET,4.5,4,3,1,0
583,P.O.D.,4.5,3,2,1,0
584,PAPA ROACH,4.5,3,2,1,0
585,PARLIAMENT,4.5,7,2,0,0
586,POINT OF GRACE,4.5,7,2,0,0
587,PUBLIC ENEMY,4.5,6,3,0,0
588,RAFFI,4.5,7,2,0,0
589,RICK SPRINGFIELD,4.5,5,4,0,0
590,ROY ORBISON,4.5,7,2,0,0
591,S.W.V.,4.5,3,2,1,0
592,SAMMY KERSHAW,4.5,6,3,0,0
593,SCARFACE,4.5,6,3,0,0
594,STEPPENWOLF,4.5,8,1,0,0
595,TAYLOR DAYNE,4.5,3,2,2,0
596,THE CHAINSMOKERS,4.5,5,2,1,0
597,THE KILLERS,4.5,3,2,1,0
598,THE MARSHALL TUCKER BAND,4.5,7,2,0,0
599,THE TRAVELING WILBURYS,4.5,3,2,1,0
600,THE WALLFLOWERS,4.5,2,1,1,0
601,THIRTY-EIGHT SPECIAL (.38),4.5,5,4,0,0
602,THOMAS RHETT,4.5,4,3,1,0
603,TONY! TONI! TONE!,4.5,4,3,1,0
604,TREY SONGZ,4.5,6,3,0,0
605,WARRANT,4.5,3,2,2,0
606,WHITE ZOMBIE,4.5,3,2,2,0
607,WIZ KHALIFA,4.5,4,3,1,0
608,AARON CARTER,4.0,2,2,1,0
609,AKON,4.0,2,2,1,0
610,ASHLEE SIMPSON,4.0,2,2,1,0
611,BARBRA STREISAND & KRIS KRISTOFFERSON,4.0,1,1,1,0
612,BARNEY,4.0,2,2,1,0
613,BLIND MELON,4.0,1,1,1,0
614,BLUE OYSTER CULT,4.0,6,2,0,0
615,BREAKING BENJAMIN,4.0,5,3,0,0
616,BROTHERS JOHNSON,4.0,4,4,0,0
617,CHRIS ISAAK,4.0,4,2,1,0
618,CIARA,4.0,2,2,1,0
619,CONWAY TWITTY,4.0,7,1,0,0
620,CRYSTAL GAYLE,4.0,6,2,0,0
621,DEMI LOVATO,4.0,6,2,0,0
622,DIONNE WARWICK,4.0,7,1,0,0
623,EMMYLOU HARRIS,4.0,8,0,0,0
624,EUROPE,4.0,2,2,1,0
625,EVERCLEAR,4.0,3,3,1,0
626,GAP BAND,4.0,5,3,0,0
627,GREAT WHITE,4.0,4,2,1,0
628,HALSEY,4.0,3,3,1,0
629,HARRY CHAPIN,4.0,4,2,1,0
630,IL DIVO,4.0,5,3,0,0
631,JAGGED EDGE,4.0,4,2,1,0
632,JANE'S ADDICTION,4.0,4,2,1,0
633,JARS OF CLAY,4.0,4,2,1,0
634,JOHN FOGERTY,4.0,5,1,1,0
635,JOHN LEGEND,4.0,4,2,1,0
636,JOHN WILLIAMS,4.0,7,1,0,0
637,JON SECADA,4.0,2,2,1,0
638,JUDY COLLINS,4.0,6,2,0,0
639,LIL' KIM,4.0,3,3,1,0
640,LITTLE TEXAS,4.0,4,2,1,0
641,LOGIC,4.0,5,3,0,0
642,MAKAVELI,4.0,1,1,1,0
643,MANA,4.0,6,2,0,0
644,MEGHAN TRAINOR,4.0,2,2,1,0
645,MONTGOMERY GENTRY,4.0,5,3,0,0
646,NE-YO,4.0,3,3,1,0
647,PAM TILLIS,4.0,5,3,0,0
648,PENTATONIX,4.0,4,2,1,0
649,RICHARD PRYOR,4.0,6,2,0,0
650,RIGHTEOUS BROTHERS,4.0,5,1,1,0
651,ROBERT PALMER,4.0,3,3,1,0
652,SAM HUNT,4.0,2,2,1,0
653,SHAWN MENDES,4.0,3,3,1,0
654,SKILLET,4.0,4,2,1,0
655,THE LUMINEERS,4.0,2,2,1,0
656,THE PRETENDERS,4.0,6,2,0,0
657,TRACY BYRD,4.0,5,1,1,0
658,TWISTED SISTER,4.0,3,1,1,0
659,VILLAGE PEOPLE,4.0,5,3,0,0
660,VINCE GUARALDI TRIO,4.0,1,1,1,0
661,WARREN G,4.0,3,1,1,0
662,8 BALL & MJG,3.5,4,1,1,0
663,A$AP ROCKY,3.5,3,2,1,0
664,AARON NEVILLE,3.5,4,3,0,0
665,AARON TIPPIN,3.5,6,1,0,0
666,B.O.B.,3.5,3,2,1,0
667,BACHMAN-TURNER OVERDRIVE,3.5,6,1,0,0
668,BRYSON TILLER,3.5,2,1,1,0
669,CHEVELLE,3.5,3,2,1,0
670,CHINGY,3.5,3,2,1,0
671,CHIPMUNKS,3.5,5,2,0,0
672,CHRIS YOUNG,3.5,4,3,0,0
673,CHUCK MANGIONE,3.5,4,1,1,0
674,CLAY AIKEN,3.5,3,2,1,0
675,COLOR ME BADD,3.5,2,1,1,0
676,COOLIO,3.5,3,2,1,0
677,DANE COOK,3.5,3,2,1,0
678,DAVID LEE ROTH,3.5,4,3,0,0
679,DAVID SANBORN,3.5,7,0,0,0
680,DJ KHALED,3.5,4,3,0,0
681,DOKKEN,3.5,4,3,0,0
682,DOUG STONE,3.5,5,2,0,0
683,DRU HILL,3.5,3,2,1,0
684,EDDIE MURPHY,3.5,3,2,1,0
685,ELLIE GOULDING,3.5,4,3,0,0
686,ELVIS COSTELLO,3.5,5,2,0,0
687,EVE,3.5,3,2,1,0
688,FABOLOUS,3.5,5,2,0,0
689,FIFTH DIMENSION,3.5,7,0,0,0
690,FLORENCE & THE MACHINE,3.5,3,2,1,0
691,FRED HAMMOND,3.5,4,1,1,0
692,GERALD LEVERT,3.5,4,3,0,0
693,GLADYS KNIGHT & THE PIPS,3.5,7,0,0,0
694,GLEE CAST,3.5,5,2,0,0
695,GLENN MILLER ORCHESTRA,3.5,6,1,0,0
696,HEAVY D & THE BOYZ,3.5,4,3,0,0
697,HINDER,3.5,2,1,1,0
698,HOOBASTANK,3.5,3,2,1,0
699,HOZIER,3.5,2,1,1,0
700,INDIA.ARIE,3.5,3,2,1,0
701,INSANE CLOWN POSSE,3.5,5,2,0,0
702,J. GEILS BAND,3.5,6,1,0,0
703,JAMES BLUNT,3.5,2,1,1,0
704,JILL SCOTT,3.5,4,1,1,0
705,JOHN ANDERSON,3.5,4,1,1,0
706,JOHN LENNON & YOKO ONO,3.5,2,1,1,0
707,K.D. LANG,3.5,4,1,1,0
708,KATHY MATTEA,3.5,6,1,0,0
709,KID CUDI,3.5,3,2,1,0
710,KINGSTON TRIO,3.5,7,0,0,0
711,LEE GREENWOOD,3.5,5,2,0,0
712,LITTLE BIG TOWN,3.5,4,3,0,0
713,LORDE,3.5,2,1,1,0
714,LOS TEMERARIOS,3.5,5,2,0,0
715,LOU RAWLS,3.5,5,2,0,0
716,MAC DAVIS,3.5,5,2,0,0
717,MACY GRAY,3.5,2,1,1,0
718,MANTOVANI,3.5,7,0,0,0
719,MARTY ROBBINS,3.5,6,1,0,0
720,MUSE,3.5,4,3,0,0
721,NEAL MC COY,3.5,4,3,0,0
722,NELLY FURTADO,3.5,3,2,1,0
723,PATTI LABELLE,3.5,6,1,0,0
724,PRESIDENTS OF THE UNITED STATES OF AMERICA,3.5,2,1,1,0
725,PUDDLE OF MUDD,3.5,2,1,1,0
726,RAY STEVENS,3.5,5,2,0,0
727,SAMMY HAGAR,3.5,5,2,0,0
728,SEETHER,3.5,4,3,0,0
729,SILK,3.5,3,2,1,0
730,STEVE MARTIN,3.5,3,2,1,0
731,TERRI CLARK,3.5,4,3,0,0
732,THE ALL-AMERICAN REJECTS,3.5,3,2,1,0
733,THE DEFTONES,3.5,4,3,0,0
734,THE WHISPERS,3.5,5,2,0,0
735,2 LIVE CREW,3.0,5,1,0,0
736,AQUA,3.0,1,1,1,0
737,AVERAGE WHITE BAND,3.0,5,1,0,0
738,BAHA MEN,3.0,1,1,1,0
739,BILLY GILMAN,3.0,3,1,1,0
740,BLUES BROTHERS,3.0,2,2,1,0
741,CALVIN HARRIS,3.0,3,3,0,0
742,CAPTAIN & TENNILLE,3.0,5,1,0,0
743,CARDI B,3.0,1,1,1,0
744,CHEETAH GIRLS,3.0,2,2,1,0
745,CHUMBAWAMBA,3.0,1,1,1,0
746,CONFEDERATE RAILROAD,3.0,2,2,1,0
747,D12,3.0,2,2,1,0
748,DABABY,3.0,3,3,0,0
749,DAVE MATTHEWS & TIM REYNOLDS,3.0,1,1,1,0
750,DIO,3.0,4,2,0,0
751,DONNIE MC CLURKIN,3.0,4,2,0,0
752,EAZY-E,3.0,3,1,1,0
753,EDDY ARNOLD,3.0,3,1,1,0
754,ERNIE FORD,3.0,4,2,0,0
755,EXPOSE,3.0,3,1,1,0
756,FAITH EVANS,3.0,4,2,0,0
757,FREDDIE JACKSON,3.0,4,2,0,0
758,FUEL,3.0,2,2,1,0
759,FUN.,3.0,1,1,1,0
760,G-EAZY,3.0,3,3,0,0
761,GARBAGE,3.0,2,2,1,0
762,GORILLAZ,3.0,2,2,1,0
763,GUY,3.0,2,2,1,0
764,HARRY BELAFONTE,3.0,6,0,0,0
765,HARRY STYLES,3.0,2,2,1,0
766,HENRY MANCINI,3.0,6,0,0,0
767,ICE-T,3.0,5,1,0,0
768,ISAAC HAYES,3.0,6,0,0,0
769,JAHEIM,3.0,4,2,0,0
770,JAMIE FOXX,3.0,2,2,1,0
771,JASON DERULO,3.0,4,2,0,0
772,JOAN BAEZ,3.0,6,0,0,0
773,JOAN OSBORNE,3.0,1,1,1,0
774,JOE DIFFIE,3.0,4,2,0,0
775,JOHN BARRY,3.0,4,2,0,0
776,JOHN CAFFERTY & BEAVER BROWN,3.0,1,1,1,0
777,JOHNNY GILL,3.0,3,1,1,0
778,JONAS BROTHERS,3.0,3,3,0,0
779,KANE BROWN,3.0,2,2,1,0
780,KEYSHIA COLE,3.0,3,3,0,0
781,KODAK BLACK,3.0,3,3,0,0
782,LIFEHOUSE,3.0,3,1,1,0
783,LITTLE FEAT,3.0,5,1,0,0
784,LOREENA MC KENNITT,3.0,3,1,1,0
785,LOU BEGA,3.0,1,1,1,0
786,LYLE LOVETT,3.0,6,0,0,0
787,MAC MILLER,3.0,5,1,0,0
788,MARIO LANZA,3.0,3,1,1,0
789,MEEK MILL,3.0,4,2,0,0
790,MICHAEL MC DONALD,3.0,5,1,0,0
791,MICHELLE BRANCH,3.0,2,2,1,0
792,MIDNIGHT STAR,3.0,3,1,1,0
793,MIGOS,3.0,2,2,1,0
794,MOBB DEEP,3.0,4,2,0,0
795,MUSIQ,3.0,4,2,0,0
796,NAUGHTY BY NATURE,3.0,4,2,0,0
797,NEWSBOYS,3.0,6,0,0,0
798,NIGHT RANGER,3.0,4,2,0,0
799,NITTY GRITTY DIRT BAND,3.0,4,2,0,0
800,PARTRIDGE FAMILY,3.0,6,0,0,0
801,PET SHOP BOYS,3.0,5,1,0,0
802,PRINCE & THE NEW POWER GENERATION,3.0,2,2,1,0
803,REDMAN,3.0,5,1,0,0
804,RICKY SKAGGS,3.0,5,1,0,0
805,ROBERT CRAY,3.0,3,1,1,0
806,ROGER WILLIAMS,3.0,6,0,0,0
807,SARAH BRIGHTMAN,3.0,5,1,0,0
808,SEAN PAUL,3.0,2,2,1,0
809,SHAUN CASSIDY,3.0,3,3,0,0
810,SHEENA EASTON,3.0,5,1,0,0
811,SILVERCHAIR,3.0,3,1,1,0
812,SIMPLE PLAN,3.0,2,2,1,0
813,SOUL ASYLUM,3.0,2,2,1,0
814,STEPHANIE MILLS,3.0,6,0,0,0
815,STEVIE RAY VAUGHAN,3.0,5,1,0,0
816,SWITCHFOOT,3.0,3,1,1,0
817,TEVIN CAMPBELL,3.0,2,2,1,0
818,THE ASSOCIATION,3.0,3,1,1,0
819,THE BAND,3.0,5,1,0,0
820,THREE 6 MAFIA,3.0,4,2,0,0
821,TOBYMAC,3.0,6,0,0,0
822,TRICK DADDY,3.0,5,1,0,0
823,TRIUMPH,3.0,5,1,0,0
824,UB-40,3.0,3,3,0,0
825,USA FOR AFRICA,3.0,1,1,1,0
826,WYCLEF JEAN,3.0,2,2,1,0
827,XSCAPE,3.0,3,3,0,0
828,A PERFECT CIRCLE,2.5,3,2,0,0
829,AL B. SURE!,2.5,2,1,1,0
830,ALDO NOVA,2.5,2,1,1,0
831,ANDREAS VOLLENWEIDER,2.5,4,1,0,0
832,ANDY GIBB,2.5,3,2,0,0
833,ANTHRAX,2.5,5,0,0,0
834,BASIA,2.5,3,2,0,0
835,BAY CITY ROLLERS,2.5,5,0,0,0
836,BEN HARPER,2.5,5,0,0,0
837,BIG TYMERS,2.5,3,2,0,0
838,BILLY CURRINGTON,2.5,4,1,0,0
839,BJORK,2.5,3,2,0,0
840,BLACKHAWK,2.5,2,1,1,0
841,BON IVER,2.5,3,2,0,0
842,BRANTLEY GILBERT,2.5,3,2,0,0
843,BRYAN WHITE,2.5,3,2,0,0
844,BTS,2.5,3,2,0,0
845,BUCKCHERRY,2.5,2,1,1,0
846,CAKE,2.5,3,2,0,0
847,CECE WINANS,2.5,4,1,0,0
848,CELTIC WOMAN,2.5,3,2,0,0
849,CHAKA KHAN,2.5,4,1,0,0
850,CHARLIE PUTH,2.5,2,1,1,0
851,CHIC,2.5,3,2,0,0
852,COLBIE CAILLAT,2.5,2,1,1,0
853,CONJUNTO PRIMAVERA,2.5,4,1,0,0
854,DA BRAT,2.5,3,2,0,0
855,DAMN YANKEES,2.5,2,1,1,0
856,DARIUS RUCKER,2.5,3,2,0,0
857,DAVE BRUBECK,2.5,2,1,1,0
858,DAVE MASON,2.5,4,1,0,0
859,DAVID ALLAN COE,2.5,4,1,0,0
860,DJ QUIK,2.5,4,1,0,0
861,DONNY OSMOND,2.5,5,0,0,0
862,E-40,2.5,4,1,0,0
863,EPMD,2.5,5,0,0,0
864,EVERLAST,2.5,2,1,1,0
865,EXTREME II,2.5,2,1,1,0
866,FAT BOYS,2.5,4,1,0,0
867,FIREFALL,2.5,3,2,0,0
868,FIREHOUSE,2.5,2,1,1,0
869,FOXY BROWN,2.5,3,2,0,0
870,GIPSY KINGS,2.5,3,2,0,0
871,GO GO'S,2.5,2,1,1,0
872,HAROLD MELVIN & THE BLUE NOTES,2.5,3,2,0,0
873,HEATWAVE,2.5,3,2,0,0
874,HERBIE HANCOCK,2.5,3,2,0,0
875,HERMAN'S HERMITS,2.5,5,0,0,0
876,JANE FONDA,2.5,2,1,1,0
877,JHENE AIKO,2.5,4,1,0,0
878,JIM CROCE,2.5,4,1,0,0
879,JIM REEVES,2.5,4,1,0,0
880,JOAN JETT & THE BLACKHEARTS,2.5,3,2,0,0
881,JOE SATRIANI,2.5,4,1,0,0
882,JUSTIN MOORE,2.5,3,2,0,0
883,K.T. OSLIN,2.5,3,2,0,0
884,KEITH WHITLEY,2.5,4,1,0,0
885,KENNY WAYNE SHEPHERD,2.5,3,2,0,0
886,KENTUCKY HEADHUNTERS,2.5,2,1,1,0
887,KINGS OF LEON,2.5,2,1,1,0
888,LARRY THE CABLE GUY,2.5,3,2,0,0
889,LEE BRICE,2.5,4,1,0,0
890,LEON RUSSELL,2.5,5,0,0,0
891,LIVING COLOUR,2.5,2,1,1,0
892,LOUIS ARMSTRONG,2.5,4,1,0,0
893,MARCO ANTONIO SOLIS,2.5,4,1,0,0
894,METHOD MAN,2.5,3,2,0,0
895,MIGUEL,2.5,3,2,0,0
896,MINDY MC CREADY,2.5,2,1,1,0
897,MOBY,2.5,2,1,1,0
898,MONTELL JORDAN,2.5,4,1,0,0
899,MYA,2.5,3,2,0,0
900,NEXT,2.5,2,1,1,0
901,NF,2.5,3,2,0,0
902,OTIS REDDING,2.5,2,1,1,0
903,OTTMAR LIEBERT,2.5,4,1,0,0
904,POLO G,2.5,3,2,0,0
905,POP SMOKE,2.5,2,1,1,0
906,PRIMUS,2.5,3,2,0,0
907,RAE SREMMURD,2.5,3,2,0,0
908,RASCALS,2.5,5,0,0,0
909,RICK ASTLEY,2.5,2,1,1,0
910,RICK JAMES,2.5,4,1,0,0
911,RICK ROSS,2.5,4,1,0,0
912,ROB THOMAS,2.5,2,1,1,0
913,RODDY RICCH,2.5,2,1,1,0
914,SINEAD O'CONNOR,2.5,2,1,1,0
915,SIR MIX-A-LOT,2.5,3,2,0,0
916,SLAUGHTER,2.5,2,1,1,0
917,SOUL II SOUL,2.5,2,1,1,0
918,SPINNERS,2.5,5,0,0,0
919,STEVE PERRY,2.5,2,1,1,0
920,SUZY BOGGUSS,2.5,4,1,0,0
921,THE CULT,2.5,3,2,0,0
922,THE HOOTERS,2.5,2,1,1,0
923,THE JERKY BOYS,2.5,3,2,0,0
924,THE KNACK,2.5,2,1,1,0
925,THE OUTFIELD,2.5,2,1,1,0
926,THE STROKES,2.5,3,2,0,0
927,THE TIME,2.5,4,1,0,0
928,THE USED,2.5,3,2,0,0
929,THE WHITE STRIPES,2.5,3,2,0,0
930,THEORY OF A DEADMAN,2.5,2,1,1,0
931,TOAD THE WET SPROCKET,2.5,3,2,0,0
932,TRAFFIC,2.5,4,1,0,0
933,TRU,2.5,2,1,1,0
934,TWISTA,2.5,3,2,0,0
935,TYGA,2.5,3,2,0,0
936,UNCLE KRACKER,2.5,2,1,1,0
937,WAYLON JENNINGS & WILLIE NELSON,2.5,2,1,1,0
938,WHITE LION,2.5,2,1,1,0
939,YOUNG THUG,2.5,4,1,0,0
940,2 CHAINZ,2.0,2,2,0,0
941,21 SAVAGE,2.0,2,2,0,0
942,AFI,2.0,2,2,0,0
943,AFTER 7,2.0,3,1,0,0
944,AL HIRT,2.0,4,0,0,0
945,AL STEWART,2.0,2,2,0,0
946,AMY WINEHOUSE,2.0,1,1,1,0
947,ANTHONY HAMILTON,2.0,3,1,0,0
948,ART GARFUNKEL,2.0,3,1,0,0
949,ASHFORD & SIMPSON,2.0,4,0,0,0
950,ATLANTA RHYTHM SECTION,2.0,3,1,0,0
951,AVANT,2.0,3,1,0,0
952,B2K,2.0,3,1,0,0
953,BABY EINSTEIN MUSIC BOX ORCHESTRA,2.0,4,0,0,0
954,BEAVIS & BUTT-HEAD,2.0,1,1,1,0
955,BELINDA CARLISLE,2.0,3,1,0,0
956,BENEDICTINE MONKS-SANTO DE SIL,2.0,1,1,1,0
957,BERLIN,2.0,3,1,0,0
958,BIG PUNISHER,2.0,2,2,0,0
959,BILLY DEAN,2.0,4,0,0,0
960,BOB CARLISLE,2.0,1,1,1,0
961,BRASS CONSTRUCTION,2.0,3,1,0,0
962,BRIAN SETZER ORCHESTRA,2.0,1,1,1,0
963,BURT BACHARACH,2.0,4,0,0,0
964,CAGE THE ELEPHANT,2.0,3,1,0,0
965,CAM'RON,2.0,3,1,0,0
966,CAMILA CABELLO,2.0,2,2,0,0
967,CHEECH & CHONG,2.0,4,0,0,0
968,CHERRY POPPIN' DADDIES,2.0,1,1,1,0
969,CHRIS LEDOUX,2.0,3,1,0,0
970,CON FUNK SHUN,2.0,4,0,0,0
971,CRASH TEST DUMMIES,2.0,1,1,1,0
972,D'ANGELO,2.0,2,2,0,0
973,DAFT PUNK,2.0,3,1,0,0
974,DAN + SHAY,2.0,3,1,0,0
975,DEATH CAB FOR CUTIE,2.0,3,1,0,0
976,DIGITAL UNDERGROUND,2.0,3,1,0,0
977,DJ CLUE,2.0,3,1,0,0
978,DON MC LEAN,2.0,1,1,1,0
979,DON WILLIAMS,2.0,3,1,0,0
980,DONNY & MARIE OSMOND,2.0,4,0,0,0
981,DUA LIPA,2.0,2,2,0,0
982,EDDIE RABBITT,2.0,3,1,0,0
983,EDGAR WINTER GROUP,2.0,1,1,1,0
984,EDIE BRICKELL & NEW BOHEMIANS,2.0,1,1,1,0
985,EIFFEL 65,2.0,1,1,1,0
986,EMOTIONS,2.0,3,1,0,0
987,ERIC B. & RAKIM,2.0,3,1,0,0
988,ERIC CLAPTON & B.B. KING,2.0,1,1,1,0
989,FETTY WAP,2.0,1,1,1,0
990,FIFTH HARMONY,2.0,2,2,0,0
991,FILTER,2.0,2,2,0,0
992,FINE YOUNG CANNIBALS,2.0,1,1,1,0
993,FIVE FOR FIGHTING,2.0,2,2,0,0
994,FOSTER THE PEOPLE,2.0,1,1,1,0
995,FRENCH MONTANA,2.0,3,1,0,0
996,G-UNIT,2.0,1,1,1,0
997,GARY WRIGHT,2.0,1,1,1,0
998,GEORGE CARLIN,2.0,4,0,0,0
999,GETO BOYS,2.0,3,1,0,0
1000,GORDON MACRAE,2.0,1,1,1,0
1001,GOTYE,2.0,1,1,1,0
1002,"GROVER WASHINGTON, JR.",2.0,1,1,1,0
1003,HOLE,2.0,2,2,0,0
1004,HUNTER HAYES,2.0,1,1,1,0
1005,JACI VELASQUEZ,2.0,3,1,0,0
1006,JAMES BROWN,2.0,3,1,0,0
1007,JAY-Z & LINKIN PARK,2.0,1,1,1,0
1008,JAY-Z & R. KELLY,2.0,2,2,0,0
1009,JENNINGS / NELSON / COLTER / GLASER,2.0,1,1,1,0
1010,JEREMIH,2.0,3,1,0,0
1011,JEREMY CAMP,2.0,4,0,0,0
1012,JIM BRICKMAN,2.0,4,0,0,0
1013,JOE WALSH,2.0,3,1,0,0
1014,JOHN BERRY,2.0,3,1,0,0
1015,JOHN COLTRANE,2.0,4,0,0,0
1016,JON BON JOVI,2.0,1,1,1,0
1017,JONNY LANG,2.0,2,2,0,0
1018,JOSS STONE,2.0,3,1,0,0
1019,JUICE NEWTON,2.0,3,1,0,0
1020,KACEY MUSGRAVES,2.0,2,2,0,0
1021,KELLY PRICE,2.0,2,2,0,0
1022,KEM,2.0,3,1,0,0
1023,KENNY ROGERS & DOLLY PARTON,2.0,1,1,1,0
1024,KRIS KRISTOFFERSON,2.0,4,0,0,0
1025,L.T.D.,2.0,3,1,0,0
1026,LADY GAGA & BRADLEY COOPER,2.0,1,1,1,0
1027,LANA DEL REY,2.0,3,1,0,0
1028,LAURA BRANIGAN,2.0,3,1,0,0
1029,LAUREN DAIGLE,2.0,2,2,0,0
1030,LEVERT,2.0,4,0,0,0
1031,LIL' FLIP,2.0,2,2,0,0
1032,LORETTA LYNN,2.0,4,0,0,0
1033,LOS LOBOS,2.0,1,1,1,0
1034,LOS LONELY BOYS,2.0,1,1,1,0
1035,LSG,2.0,1,1,1,0
1036,MANDY MOORE,2.0,3,1,0,0
1037,MARTY STUART,2.0,4,0,0,0
1038,MARY MARY,2.0,3,1,0,0
1039,MEGAN THEE STALLION,2.0,3,1,0,0
1040,MELANIE MARTINEZ,2.0,1,1,1,0
1041,MICHAEL CRAWFORD,2.0,3,1,0,0
1042,MICKEY MOUSE,2.0,1,1,1,0
1043,MINISTRY,2.0,3,1,0,0
1044,MODEST MOUSE,2.0,3,1,0,0
1045,MORGAN WALLEN,2.0,2,2,0,0
1046,MORMON TABERNACLE CHOIR,2.0,4,0,0,0
1047,NATALIE IMBRUGLIA,2.0,1,1,1,0
1048,NAV,2.0,4,0,0,0
1049,NELSON,2.0,1,1,1,0
1050,NEW FOUND GLORY,2.0,3,1,0,0
1051,NEW ORDER,2.0,3,1,0,0
1052,OLIVIA NEWTON-JOHN & ELECTRIC LIGHT ORCHESTRA,2.0,1,1,1,0
1053,ONEREPUBLIC,2.0,3,1,0,0
1054,OZZY OSBOURNE & RANDY RHOADS,2.0,1,1,1,0
1055,PABLO CRUISE,2.0,2,2,0,0
1056,PAUL REVERE & THE RAIDERS,2.0,4,0,0,0
1057,PAULA COLE,2.0,1,1,1,0
1058,PERRY COMO,2.0,4,0,0,0
1059,PLIES,2.0,3,1,0,0
1060,PRODIGY,2.0,1,1,1,0
1061,PUSSYCAT DOLLS,2.0,1,1,1,0
1062,RARE EARTH,2.0,3,1,0,0
1063,RAY PRICE,2.0,3,1,0,0
1064,REAL MC COY,2.0,1,1,1,0
1065,RESTLESS HEART,2.0,4,0,0,0
1066,RICKIE LEE JONES,2.0,3,1,0,0
1067,ROBIN TROWER,2.0,4,0,0,0
1068,ROD WAVE,2.0,2,2,0,0
1069,RODNEY ATKINS,2.0,3,1,0,0
1070,RODNEY CARRINGTON,2.0,3,1,0,0
1071,ROSE ROYCE,2.0,3,1,0,0
1072,ROXETTE,2.0,2,2,0,0
1073,RUFUS & CHAKA KHAN,2.0,3,1,0,0
1074,SANDRA BOYNTON & MICHAEL FORD,2.0,3,1,0,0
1075,SARA BAREILLES,2.0,3,1,0,0
1076,SCOTTY MCCREERY,2.0,3,1,0,0
1077,SERGIO MENDES & BRASIL '66,2.0,4,0,0,0
1078,SHAI,2.0,1,1,1,0
1079,SILKK THE SHOCKER,2.0,2,2,0,0
1080,SIMPLY RED,2.0,3,1,0,0
1081,SKRILLEX,2.0,2,2,0,0
1082,SLAYER,2.0,4,0,0,0
1083,SPYRO GYRA,2.0,3,1,0,0
1084,STRYPER,2.0,3,1,0,0
1085,SUM 41,2.0,3,1,0,0
1086,SURVIVOR,2.0,2,2,0,0
1087,SZA,2.0,1,1,1,0
1088,TERENCE TRENT D'ARBY,2.0,1,1,1,0
1089,THA DOGG POUND,2.0,1,1,1,0
1090,THE COMMITMENTS,2.0,1,1,1,0
1091,THE CORRS,2.0,3,1,0,0
1092,THE FOUR SEASONS,2.0,4,0,0,0
1093,THE GAME,2.0,1,1,1,0
1094,THE KINKS,2.0,4,0,0,0
1095,THE LETTERMEN,2.0,4,0,0,0
1096,THE MAMAS & THE PAPAS,2.0,4,0,0,0
1097,THE OSMONDS,2.0,4,0,0,0
1098,THE ROOTS,2.0,3,1,0,0
1099,THE SIMPSONS,2.0,1,1,1,0
1100,THE TRACTORS,2.0,1,1,1,0
1101,TONE LOC,2.0,1,1,1,0
1102,TRIPPIE REDD,2.0,4,0,0,0
1103,"TYLER, THE CREATOR",2.0,3,1,0,0
1104,TYRESE,2.0,3,1,0,0
1105,UGLY KID JOE,2.0,1,1,1,0
1106,URIAH HEEP,2.0,4,0,0,0
1107,VAMPIRE WEEKEND,2.0,3,1,0,0
1108,VELVET REVOLVER,2.0,1,1,1,0
1109,VERTICAL HORIZON,2.0,1,1,1,0
1110,VICENTE FERNANDEZ,2.0,4,0,0,0
1111,WHODINI,2.0,3,1,0,0
1112,WILLIE NELSON & FAMILY,2.0,1,1,1,0
1113,"WINANS, BEBE & CECE",2.0,3,1,0,0
1114,WINGER,2.0,2,2,0,0
1115,XZIBIT,2.0,3,1,0,0
1116,YG,2.0,3,1,0,0
1117,YING YANG TWINS,2.0,2,2,0,0
1118,YOLANDA ADAMS,2.0,3,1,0,0
1119,30 SECONDS TO MARS,1.5,2,1,0,0
1120,6IX9INE,1.5,2,1,0,0
1121,6LACK,1.5,2,1,0,0
1122,702,1.5,2,1,0,0
1123,ALABAMA SHAKES,1.5,2,1,0,0
1124,ALEJANDRO FERNANDEZ,1.5,2,1,0,0
1125,ANDY GRIFFITH,1.5,2,1,0,0
1126,APRIL WINE,1.5,2,1,0,0
1127,ARCTIC MONKEYS,1.5,2,1,0,0
1128,ARLO GUTHRIE,1.5,2,1,0,0
1129,ATLANTIC STARR,1.5,2,1,0,0
1130,B.B. KING,1.5,2,1,0,0
1131,B.G.,1.5,2,1,0,0
1132,B*WITCHED,1.5,2,1,0,0
1133,BAR-KAYS,1.5,3,0,0,0
1134,BERT KAEMPFERT,1.5,3,0,0,0
1135,BILL ENGVALL,1.5,2,1,0,0
1136,BILL WITHERS,1.5,3,0,0,0
1137,BILLY VAUGHN,1.5,3,0,0,0
1138,BLACK OAK ARKANSAS,1.5,3,0,0,0
1139,BLACKBYRDS,1.5,3,0,0,0
1140,BLOODHOUND GANG,1.5,2,1,0,0
1141,BOB DYLAN & THE BAND,1.5,2,1,0,0
1142,BOB WELCH,1.5,2,1,0,0
1143,BOBBY SHERMAN,1.5,3,0,0,0
1144,BONEY JAMES,1.5,3,0,0,0
1145,BONNIE TYLER,1.5,2,1,0,0
1146,BOOGIE DOWN PRODUCTIONS,1.5,3,0,0,0
1147,C-MURDER,1.5,2,1,0,0
1148,CANDLE,1.5,2,1,0,0
1149,CARL THOMAS,1.5,2,1,0,0
1150,CHILDISH GAMBINO,1.5,2,1,0,0
1151,CHRISTINA PERRI,1.5,2,1,0,0
1152,COLE SWINDELL,1.5,2,1,0,0
1153,COMMON,1.5,3,0,0,0
1154,CONWAY TWITTY & LORETTA LYNN,1.5,3,0,0,0
1155,COREY HART,1.5,3,0,0,0
1156,CRAIG DAVID,1.5,2,1,0,0
1157,CRUSADERS,1.5,3,0,0,0
1158,CURTIS MAYFIELD,1.5,3,0,0,0
1159,"D. PARTON, L. RONSTADT, E. HARRIS",1.5,2,1,0,0
1160,DADDY YANKEE,1.5,2,1,0,0
1161,DAN SEALS,1.5,2,1,0,0
1162,DANITY KANE,1.5,2,1,0,0
1163,DASHBOARD CONFESSIONAL,1.5,3,0,0,0
1164,DAVID CROSBY & GRAHAM NASH,1.5,3,0,0,0
1165,DAVID GRAY,1.5,2,1,0,0
1166,DAVID GUETTA,1.5,3,0,0,0
1167,DE BARGE,1.5,3,0,0,0
1168,DE LA SOUL,1.5,2,1,0,0
1169,DEBORAH COX,1.5,2,1,0,0
1170,DEVO,1.5,2,1,0,0
1171,DJ SNAKE,1.5,2,1,0,0
1172,DONALD FAGEN,1.5,2,1,0,0
1173,DONELL JONES,1.5,2,1,0,0
1174,DONOVAN,1.5,2,1,0,0
1175,EDWIN MC CAIN,1.5,2,1,0,0
1176,ELVIS CRESPO,1.5,2,1,0,0
1177,ERASURE,1.5,2,1,0,0
1178,EVE 6,1.5,2,1,0,0
1179,FAITH NO MORE,1.5,2,1,0,0
1180,FANTASIA,1.5,2,1,0,0
1181,FAT JOE,1.5,2,1,0,0
1182,FORT MINOR,1.5,2,1,0,0
1183,FOURPLAY,1.5,3,0,0,0
1184,FRANK OCEAN,1.5,2,1,0,0
1185,FRANZ FERDINAND,1.5,2,1,0,0
1186,FUNKADELIC,1.5,2,1,0,0
1187,FUNKMASTER FLEX,1.5,3,0,0,0
1188,GARY PUCKETT & THE UNION GAP,1.5,2,1,0,0
1189,GENIUS/GZA,1.5,2,1,0,0
1190,GERRY RAFFERTY,1.5,2,1,0,0
1191,GHOSTFACE KILLAH,1.5,2,1,0,0
1192,GOODIE MOB,1.5,3,0,0,0
1193,GUCCI MANE,1.5,3,0,0,0
1194,GUESS WHO,1.5,3,0,0,0
1195,H-TOWN,1.5,2,1,0,0
1196,H.E.R.,1.5,2,1,0,0
1197,HERB ALPERT,1.5,2,1,0,0
1198,HOLLYWOOD UNDEAD,1.5,2,1,0,0
1199,HOUSE OF PAIN,1.5,2,1,0,0
1200,ISRAEL KAMAKAWIWO'OLE,1.5,2,1,0,0
1201,JACKIE EVANCHO,1.5,2,1,0,0
1202,JACKYL,1.5,2,1,0,0
1203,JADE,1.5,2,1,0,0
1204,JAMES GANG,1.5,3,0,0,0
1205,JAMEY JOHNSON,1.5,2,1,0,0
1206,JEFF HEALEY BAND,1.5,2,1,0,0
1207,JEFFREY OSBORNE,1.5,3,0,0,0
1208,JERRY CLOWER,1.5,3,0,0,0
1209,JIM JOHNSTON,1.5,2,1,0,0
1210,JIM NABORS,1.5,3,0,0,0
1211,JIMMY EAT WORLD,1.5,2,1,0,0
1212,JIMMY PAGE & ROBERT PLANT,1.5,2,1,0,0
1213,JODY WATLEY,1.5,2,1,0,0
1214,JOE COCKER,1.5,3,0,0,0
1215,JOE NICHOLS,1.5,2,1,0,0
1216,JOHNNY PAYCHECK,1.5,2,1,0,0
1217,JOHNNY RIVERS,1.5,3,0,0,0
1218,JOJO,1.5,2,1,0,0
1219,JON B.,1.5,2,1,0,0
1220,JOSE FELICIANO,1.5,3,0,0,0
1221,JUICE WRLD,1.5,2,1,0,0
1222,JULIAN LENNON,1.5,2,1,0,0
1223,KARYN WHITE,1.5,2,1,0,0
1224,KEANE,1.5,2,1,0,0
1225,KELSEA BALLERINI,1.5,2,1,0,0
1226,KENNY ROGERS & DOTTIE WEST,1.5,2,1,0,0
1227,KOOL MOE DEE,1.5,2,1,0,0
1228,KYLIE MINOGUE,1.5,2,1,0,0
1229,LARRY GATLIN,1.5,2,1,0,0
1230,LEONARD COHEN,1.5,3,0,0,0
1231,LIL SKIES,1.5,2,1,0,0
1232,LIL TJAY,1.5,2,1,0,0
1233,LILA MC CANN,1.5,2,1,0,0
1234,LINDSAY LOHAN,1.5,2,1,0,0
1235,LISA STANSFIELD,1.5,2,1,0,0
1236,LIZ PHAIR,1.5,3,0,0,0
1237,LOVE UNLIMITED,1.5,3,0,0,0
1238,LUCIANO PAVAROTTI,1.5,2,1,0,0
1239,LYNN ANDERSON,1.5,2,1,0,0
1240,MACHINE GUN KELLY,1.5,3,0,0,0
1241,MACK 10,1.5,3,0,0,0
1242,MANHATTAN TRANSFER,1.5,2,1,0,0
1243,MARCO ANTONIO SOLIS Y LOS BUKIS,1.5,3,0,0,0
1244,MAREN MORRIS,1.5,2,1,0,0
1245,MARIO,1.5,2,1,0,0
1246,MARK WILLS,1.5,2,1,0,0
1247,MARVIN SAPP,1.5,2,1,0,0
1248,MICK JAGGER,1.5,2,1,0,0
1249,MIDNIGHT OIL,1.5,2,1,0,0
1250,MILLIE JACKSON,1.5,3,0,0,0
1251,MO THUGS,1.5,2,1,0,0
1252,MOUNTAIN,1.5,3,0,0,0
1253,MUDVAYNE,1.5,3,0,0,0
1254,NICKEL CREEK,1.5,2,1,0,0
1255,OL' DIRTY BASTARD,1.5,2,1,0,0
1256,OLD DOMINION,1.5,2,1,0,0
1257,ORGY,1.5,2,1,0,0
1258,OUR LADY PEACE,1.5,2,1,0,0
1259,PAT METHENY GROUP,1.5,3,0,0,0
1260,PEABO BRYSON,1.5,3,0,0,0
1261,PEACHES & HERB,1.5,2,1,0,0
1262,PEBBLES,1.5,2,1,0,0
1263,PERCY FAITH,1.5,3,0,0,0
1264,PETE TOWNSHEND,1.5,2,1,0,0
1265,PETER TOSH,1.5,2,1,0,0
1266,PIXIES,1.5,2,1,0,0
1267,PLAYBOI CARTI,1.5,2,1,0,0
1268,R. CARLOS NAKAI,1.5,2,1,0,0
1269,RAEKWON,1.5,2,1,0,0
1270,RANCID,1.5,2,1,0,0
1271,READY FOR THE WORLD,1.5,2,1,0,0
1272,RELIENT K,1.5,3,0,0,0
1273,RINGO STARR,1.5,2,1,0,0
1274,RISE AGAINST,1.5,3,0,0,0
1275,RITA COOLIDGE,1.5,2,1,0,0
1276,ROGER MILLER,1.5,3,0,0,0
1277,ROSANNE CASH,1.5,3,0,0,0
1278,ROSIE O'DONNELL,1.5,2,1,0,0
1279,ROYAL PHILHARMONIC ORCHESTRA,1.5,2,1,0,0
1280,RUBEN STUDDARD,1.5,2,1,0,0
1281,RUFUS,1.5,3,0,0,0
1282,RUSTED ROOT,1.5,2,1,0,0
1283,S.O.S. BAND,1.5,3,0,0,0
1284,SALIVA,1.5,2,1,0,0
1285,SAMANTHA FOX,1.5,3,0,0,0
1286,SAWYER BROWN,1.5,3,0,0,0
1287,SCHOOLBOY Q,1.5,2,1,0,0
1288,SELENA GOMEZ & THE SCENE,1.5,3,0,0,0
1289,SEVENDUST,1.5,3,0,0,0
1290,SHALAMAR,1.5,3,0,0,0
1291,SHAQUILLE O'NEAL,1.5,2,1,0,0
1292,SHEDAISY,1.5,2,1,0,0
1293,SHEKINAH GLORY MINISTRY,1.5,2,1,0,0
1294,SHENANDOAH,1.5,3,0,0,0
1295,SIA,1.5,2,1,0,0
1296,SLICK RICK,1.5,2,1,0,0
1297,SMOTHERS BROTHERS,1.5,3,0,0,0
1298,SNOOP DOGG PRESENTS THA EASTSIDAZ,1.5,2,1,0,0
1299,SNOW PATROL,1.5,2,1,0,0
1300,SONNY & CHER,1.5,3,0,0,0
1301,SPICE 1,1.5,3,0,0,0
1302,SQUIRREL NUT ZIPPERS,1.5,2,1,0,0
1303,STARSHIP,1.5,2,1,0,0
1304,STATIC-X,1.5,2,1,0,0
1305,STEPHEN STILLS,1.5,3,0,0,0
1306,STEVE WARINER,1.5,3,0,0,0
1307,STEVIE B.,1.5,3,0,0,0
1308,STONE SOUR,1.5,2,1,0,0
1309,STRAY CATS,1.5,2,1,0,0
1310,SURFACE,1.5,2,1,0,0
1311,SUZANNE VEGA,1.5,2,1,0,0
1312,TAKE 6,1.5,2,1,0,0
1313,TAKING BACK SUNDAY,1.5,3,0,0,0
1314,TAMMY WYNETTE,1.5,2,1,0,0
1315,THE 1975,1.5,2,1,0,0
1316,THE BAND PERRY,1.5,2,1,0,0
1317,THE BELLAMY BROTHERS,1.5,2,1,0,0
1318,THE BOYS,1.5,2,1,0,0
1319,THE FIXX,1.5,2,1,0,0
1320,THE JETS,1.5,2,1,0,0
1321,THE LOX,1.5,2,1,0,0
1322,THE MANHATTANS,1.5,3,0,0,0
1323,THE MAVERICKS,1.5,2,1,0,0
1324,THE NEIGHBOURHOOD,1.5,2,1,0,0
1325,THE OUTLAWS,1.5,3,0,0,0
1326,THE SHINS,1.5,3,0,0,0
1327,THE SMITHS,1.5,3,0,0,0
1328,THE STYLISTICS,1.5,3,0,0,0
1329,THE VENTURES,1.5,3,0,0,0
1330,THOMPSON TWINS,1.5,2,1,0,0
1331,TOM WAITS,1.5,3,0,0,0
1332,TOTAL,1.5,2,1,0,0
1333,TYPE O NEGATIVE,1.5,2,1,0,0
1334,VAN CLIBURN,1.5,2,1,0,0
1335,VANCE JOY,1.5,2,1,0,0
1336,VERN GOSDIN,1.5,3,0,0,0
1337,VIOLENT FEMMES,1.5,2,1,0,0
1338,VONDA SHEPARD,1.5,2,1,0,0
1339,WARREN ZEVON,1.5,2,1,0,0
1340,WESTSIDE CONNECTION,1.5,2,1,0,0
1341,YELLOWCARD,1.5,2,1,0,0
1342,YNW MELLY,1.5,3,0,0,0
1343,YO GOTTI,1.5,3,0,0,0
1344,YOUNG M.C.,1.5,2,1,0,0
1345,ZAPP,1.5,3,0,0,0
1346,ZAYN,1.5,2,1,0,0
1347,ZIGGY MARLEY & MELODY MAKERS,1.5,2,1,0,0
1348,2 PAC & OUTLAWZ,1.0,1,1,0,0
1349,3LW,1.0,1,1,0,0
1350,3RD BASS,1.0,2,0,0,0
1351,4 NON BLONDES,1.0,1,1,0,0
1352,69 BOYZ,1.0,1,1,0,0
1353,A DAY TO REMEMBER,1.0,2,0,0,0
1354,A TASTE OF HONEY,1.0,1,1,0,0
1355,A-HA,1.0,1,1,0,0
1356,A.B. Y LOS KUMBIA KINGS QUINTANILLA III,1.0,2,0,0,0
1357,A$AP FERG,1.0,2,0,0,0
1358,AARON HALL,1.0,1,1,0,0
1359,ACE FREHLEY,1.0,1,1,0,0
1360,AKWID,1.0,1,1,0,0
1361,ALANNAH MYLES,1.0,1,1,0,0
1362,ALESSIA CARA,1.0,1,1,0,0
1363,ALEXANDER O'NEAL,1.0,2,0,0,0
1364,ALIEN ANT FARM,1.0,1,1,0,0
1365,ALL SAINTS,1.0,1,1,0,0
1366,ALL TIME LOW,1.0,2,0,0,0
1367,ALT-J,1.0,2,0,0,0
1368,AMERICAN IDOLS,1.0,2,0,0,0
1369,AMERIE,1.0,2,0,0,0
1370,ANGIE STONE,1.0,2,0,0,0
1371,ANNE-MARIE,1.0,1,1,0,0
1372,ANOTHER BAD CREATION,1.0,1,1,0,0
1373,ARCADE FIRE,1.0,2,0,0,0
1374,ARCADIA,1.0,1,1,0,0
1375,ATREYU,1.0,2,0,0,0
1376,AVALON,1.0,2,0,0,0
1377,AVICII,1.0,1,1,0,0
1378,AWOLNATION,1.0,1,1,0,0
1379,AZ YET,1.0,1,1,0,0
1380,BAD ENGLISH,1.0,1,1,0,0
1381,BANDA EL RECODO,1.0,2,0,0,0
1382,BARBARA MANDRELL,1.0,2,0,0,0
1383,BASTILLE,1.0,1,1,0,0
1384,BAZZI,1.0,1,1,0,0
1385,BEBE REXHA,1.0,1,1,0,0
1386,BEN FOLDS FIVE,1.0,1,1,0,0
1387,BENNY BLANCO,1.0,1,1,0,0
1388,BETTER THAN EZRA,1.0,1,1,0,0
1389,BIG BAD VOODOO DADDY,1.0,1,1,0,0
1390,BIG DADDY KANE,1.0,2,0,0,0
1391,BIG HEAD TODD & THE MONSTERS,1.0,1,1,0,0
1392,BILL WHELAN,1.0,1,1,0,0
1393,BLACK ROB,1.0,1,1,0,0
1394,BLACKBEAR,1.0,2,0,0,0
1395,BLACKFOOT,1.0,1,1,0,0
1396,BLAQUE,1.0,1,1,0,0
1397,BLIND FAITH,1.0,1,1,0,0
1398,BLUE OCTOBER,1.0,1,1,0,0
1399,BOB JAMES & DAVID SANBORN,1.0,1,1,0,0
1400,BOB NEWHART,1.0,2,0,0,0
1401,BOBBY MC FERRIN,1.0,1,1,0,0
1402,BOBBY VINTON,1.0,2,0,0,0
1403,BOOTS RANDOLPH,1.0,2,0,0,0
1404,BOOTSY'S RUBBER BAND,1.0,2,0,0,0
1405,BRETT ELDREDGE,1.0,2,0,0,0
1406,BRETT YOUNG,1.0,1,1,0,0
1407,BRONCO,1.0,2,0,0,0
1408,BROWNSTONE,1.0,1,1,0,0
1409,BUDDY HOLLY & THE CRICKETS,1.0,2,0,0,0
1410,BUENA VISTA SOCIAL CLUB,1.0,1,1,0,0
1411,BUFFALO SPRINGFIELD,1.0,1,1,0,0
1412,CALIFORNIA RAISINS,1.0,1,1,0,0
1413,CAPITAL CITIES,1.0,1,1,0,0
1414,CARL DOY,1.0,1,1,0,0
1415,CARLOS SANTANA & BUDDY MILES,1.0,1,1,0,0
1416,CASE,1.0,2,0,0,0
1417,CHAMILLIONAIRE,1.0,1,1,0,0
1418,CHANGING FACES,1.0,2,0,0,0
1419,CHARLIE ZAA,1.0,1,1,0,0
1420,CHRIS BOTTI,1.0,2,0,0,0
1421,CHRIS CAGLE,1.0,2,0,0,0
1422,CLANNAD,1.0,2,0,0,0
1423,CLEAN BANDIT,1.0,2,0,0,0
1424,CLUB NOUVEAU,1.0,1,1,0,0
1425,COHEED & CAMBRIA,1.0,2,0,0,0
1426,COLD,1.0,2,0,0,0
1427,CORINNE BAILEY RAE,1.0,1,1,0,0
1428,COVERDALE PAGE,1.0,1,1,0,0
1429,COWBOY JUNKIES,1.0,1,1,0,0
1430,CRAIG MORGAN,1.0,2,0,0,0
1431,CRAZY TOWN,1.0,1,1,0,0
1432,CREEDENCE CLEARWATER REVISITED,1.0,1,1,0,0
1433,CROSSFADE,1.0,1,1,0,0
1434,CROWDED HOUSE,1.0,1,1,0,0
1435,DAN FOGELBERG & TIM WEISBERG,1.0,1,1,0,0
1436,DARLENE ZSCHECH,1.0,2,0,0,0
1437,DAS EFX,1.0,1,1,0,0
1438,DAVE CLARK FIVE,1.0,2,0,0,0
1439,DAVE HOLLISTER,1.0,2,0,0,0
1440,DAVE KOZ,1.0,2,0,0,0
1441,DAVID BALL,1.0,1,1,0,0
1442,DAVID COOK,1.0,1,1,0,0
1443,DAVID GILMOUR,1.0,2,0,0,0
1444,DAVID LEE MURPHY,1.0,1,1,0,0
1445,DAYS OF THE NEW,1.0,1,1,0,0
1446,DEBBY BOONE,1.0,1,1,0,0
1447,DEFAULT,1.0,1,1,0,0
1448,DENIECE WILLIAMS,1.0,2,0,0,0
1449,DEREK & THE DOMINOS,1.0,2,0,0,0
1450,DES'REE,1.0,1,1,0,0
1451,DIANA ROSS & THE SUPREMES WITH THE TEMPTATIONS,1.0,2,0,0,0
1452,DJ MAGIC MIKE,1.0,2,0,0,0
1453,DJ MAGIC MIKE & ROYAL POSSE,1.0,1,1,0,0
1454,DO OR DIE,1.0,2,0,0,0
1455,DON OMAR,1.0,2,0,0,0
1456,DONNA LEWIS,1.0,1,1,0,0
1457,DREAMVILLE,1.0,1,1,0,0
1458,DROWNING POOL,1.0,1,1,0,0
1459,EAGLE EYE CHERRY,1.0,1,1,0,0
1460,ED AMES,1.0,2,0,0,0
1461,EDGAR WINTER,1.0,2,0,0,0
1462,ELLA MAI,1.0,1,1,0,0
1463,ELMO AND PATSY,1.0,1,1,0,0
1464,EMF,1.0,1,1,0,0
1465,ERIC JOHNSON,1.0,1,1,0,0
1466,EUGENE ORMANDY,1.0,2,0,0,0
1467,EVA CASSIDY,1.0,1,1,0,0
1468,EVELYN \'CHAMPAGNE\' KING,1.0,2,0,0,0
1469,EXILE,1.0,2,0,0,0
1470,FASTBALL,1.0,1,1,0,0
1471,FATBOY SLIM,1.0,1,1,0,0
1472,FINGER ELEVEN,1.0,2,0,0,0
1473,FIVE,1.0,1,1,0,0
1474,FLYLEAF,1.0,1,1,0,0
1475,FOCUS,1.0,2,0,0,0
1476,FRANCES LAI,1.0,2,0,0,0
1477,FRANKIE J,1.0,1,1,0,0
1478,G.Q.,1.0,1,1,0,0
1479,GANG STARR,1.0,2,0,0,0
1480,GAVIN DEGRAW,1.0,1,1,0,0
1481,GENE SIMMONS,1.0,1,1,0,0
1482,GEORGIA SATELLITES,1.0,1,1,0,0
1483,GINO VANNELLI,1.0,1,1,0,0
1484,GLENN FREY,1.0,2,0,0,0
1485,GLORIA GAYNOR,1.0,1,1,0,0
1486,GNARLS BARKLEY,1.0,1,1,0,0
1487,GRUPO MONTEZ DE DURANGO,1.0,2,0,0,0
1488,GUNNA,1.0,2,0,0,0
1489,HALESTORM,1.0,2,0,0,0
1490,HALL & OATES,1.0,1,1,0,0
1491,HAWTHORNE HEIGHTS,1.0,2,0,0,0
1492,HEATHER HEADLEY,1.0,2,0,0,0
1493,HI-FIVE,1.0,2,0,0,0
1494,HIROSHIMA,1.0,2,0,0,0
1495,HOT BOYS,1.0,1,1,0,0
1496,HOWARD JONES,1.0,1,1,0,0
1497,HUMBLE PIE,1.0,2,0,0,0
1498,IGGY AZALEA,1.0,1,1,0,0
1499,IMMATURE,1.0,2,0,0,0
1500,INNER CIRCLE,1.0,1,1,0,0
1501,INTERPOL,1.0,2,0,0,0
1502,ISRAEL & NEW BREED,1.0,2,0,0,0
1503,JACK JOHNSON & FRIENDS,1.0,1,1,0,0
1504,JACKIE GLEASON,1.0,2,0,0,0
1505,JADAKISS,1.0,2,0,0,0
1506,JAKE OWEN,1.0,1,1,0,0
1507,JAMES BAY,1.0,1,1,0,0
1508,JAMES INGRAM,1.0,2,0,0,0
1509,JAMIROQUAI,1.0,1,1,0,0
1510,JANIS IAN,1.0,1,1,0,0
1511,JEFF BUCKLEY,1.0,1,1,0,0
1512,JENNIFER HUDSON,1.0,2,0,0,0
1513,JERMAINE DUPRI,1.0,1,1,0,0
1514,JERMAINE JACKSON,1.0,2,0,0,0
1515,JERRY SEINFELD,1.0,1,1,0,0
1516,JESSE MC CARTNEY,1.0,1,1,0,0
1517,JESSIE J,1.0,1,1,0,0
1518,JESUS JONES,1.0,1,1,0,0
1519,JET,1.0,1,1,0,0
1520,JOE JACKSON,1.0,2,0,0,0
1521,JOHN DENVER & THE MUPPETS,1.0,1,1,0,0
1522,JOHN TESH,1.0,2,0,0,0
1523,JOHNNIE TAYLOR,1.0,1,1,0,0
1524,JOHNNY 'GUITAR' WATSON,1.0,2,0,0,0
1525,JOHNNY HORTON,1.0,1,1,0,0
1526,JOJI,1.0,2,0,0,0
1527,JON PARDI,1.0,1,1,0,0
1528,JORDIN SPARKS,1.0,1,1,0,0
1529,JOSHUA KADISON,1.0,1,1,0,0
1530,JUANITA BYNUM,1.0,1,1,0,0
1531,KEHLANI,1.0,2,0,0,0
1532,KENNY ROGERS & THE FIRST EDITION,1.0,1,1,0,0
1533,KID 'N PLAY,1.0,2,0,0,0
1534,KILLSWITCH ENGAGE,1.0,2,0,0,0
1535,KIM CARNES,1.0,1,1,0,0
1536,KIP MOORE,1.0,1,1,0,0
1537,KIX,1.0,1,1,0,0
1538,KRAYZIE BONE,1.0,1,1,0,0
1539,KROKUS,1.0,2,0,0,0
1540,KT TUNSTALL,1.0,1,1,0,0
1541,KYLE,1.0,1,1,0,0
1542,L. ELGART / MANHATTAN SWING ORC,1.0,1,1,0,0
1543,L.A. GUNS,1.0,2,0,0,0
1544,LA BOUCHE,1.0,1,1,0,0
1545,LAMB OF GOD,1.0,2,0,0,0
1546,LAWRENCE WELK,1.0,2,0,0,0
1547,LEIF GARRETT,1.0,2,0,0,0
1548,LEO SAYER,1.0,1,1,0,0
1549,LEONA LEWIS,1.0,1,1,0,0
1550,LETOYA,1.0,1,1,0,0
1551,LFO,1.0,1,1,0,0
1552,LIL BABY & GUNNA,1.0,1,1,0,0
1553,LIL NAS X,1.0,1,1,0,0
1554,LIL PEEP,1.0,2,0,0,0
1555,LIL PUMP,1.0,2,0,0,0
1556,LIL TECCA,1.0,1,1,0,0
1557,LIL' TROY,1.0,1,1,0,0
1558,LINDSEY STIRLING,1.0,2,0,0,0
1559,LISA LISA & CULT JAM,1.0,1,1,0,0
1560,LISA LISA & CULT JAM WITH FULL FORCE,1.0,1,1,0,0
1561,LISA LOEB,1.0,2,0,0,0
1562,LIT,1.0,1,1,0,0
1563,LITA FORD,1.0,1,1,0,0
1564,LIZA MINNELLI,1.0,2,0,0,0
1565,LIZZO,1.0,1,1,0,0
1566,LLOYD BANKS,1.0,1,1,0,0
1567,LOST BOYZ,1.0,2,0,0,0
1568,LOU REED,1.0,2,0,0,0
1569,LUKAS GRAHAM,1.0,1,1,0,0
1570,LUNIZ,1.0,1,1,0,0
1571,LUPE FIASCO,1.0,2,0,0,0
1572,LYFE,1.0,1,1,0,0
1573,MACKLEMORE & RYAN LEWIS,1.0,1,1,0,0
1574,MAHAVISHNU ORCHESTRA,1.0,2,0,0,0
1575,MARC COHN,1.0,1,1,0,0
1576,MARCY PLAYGROUND,1.0,1,1,0,0
1577,MARK RONSON,1.0,1,1,0,0
1578,MARKY MARK & THE FUNKY BUNCH,1.0,1,1,0,0
1579,MATISYAHU,1.0,2,0,0,0
1580,MATTHEW SWEET,1.0,2,0,0,0
1581,MAZZY STAR,1.0,1,1,0,0
1582,MECO,1.0,1,1,0,0
1583,MELANIE,1.0,2,0,0,0
1584,MELISSA MANCHESTER,1.0,2,0,0,0
1585,MEMPHIS BLEEK,1.0,2,0,0,0
1586,MEREDITH BROOKS,1.0,1,1,0,0
1587,MERLE HAGGARD & WILLIE NELSON,1.0,1,1,0,0
1588,METHOD MAN AND REDMAN,1.0,1,1,0,0
1589,METRO BOOMIN,1.0,1,1,0,0
1590,MICHAEL FRANKS,1.0,2,0,0,0
1591,MICHAEL MARTIN MURPHEY,1.0,2,0,0,0
1592,MICKEY GILLEY,1.0,2,0,0,0
1593,MIGHTY MIGHTY BOSSTONES,1.0,1,1,0,0
1594,MIKE + THE MECHANICS,1.0,2,0,0,0
1595,MIKE JONES,1.0,1,1,0,0
1596,MONEYBAGG YO,1.0,2,0,0,0
1597,MONTROSE,1.0,1,1,0,0
1598,MORRISSEY,1.0,2,0,0,0
1599,MOS DEF,1.0,2,0,0,0
1600,MR. BIG,1.0,1,1,0,0
1601,MR. MISTER,1.0,1,1,0,0
1602,MUSTARD,1.0,1,1,0,0
1603,N.E.R.D.,1.0,2,0,0,0
1604,NAJEE,1.0,2,0,0,0
1605,NAPPY ROOTS,1.0,1,1,0,0
1606,NATASHA BEDINGFIELD,1.0,2,0,0,0
1607,NAZARETH,1.0,1,1,0,0
1608,NEIL SEDAKA,1.0,2,0,0,0
1609,NEVILLE MARINER,1.0,1,1,0,0
1610,NEW RADICALS,1.0,1,1,0,0
1611,NIALL HORAN,1.0,1,1,0,0
1612,NILSSON,1.0,2,0,0,0
1613,NINO ROTA,1.0,1,1,0,0
1614,NIPSEY HUSSLE,1.0,1,1,0,0
1615,NLE CHOPPA,1.0,2,0,0,0
1616,NOREAGA,1.0,2,0,0,0
1617,O-TOWN,1.0,1,1,0,0
1618,OF MONSTERS & MEN,1.0,1,1,0,0
1619,OLIVIA NEWTON-JOHN & JOHN TRAVOLTA,1.0,1,1,0,0
1620,OLIVIA RODRIGO,1.0,1,1,0,0
1621,ONYX,1.0,1,1,0,0
1622,ORIGINAL LONDON CAST,1.0,1,1,0,0
1623,OWL CITY,1.0,1,1,0,0
1624,P. DIDDY,1.0,1,1,0,0
1625,P.M. DAWN,1.0,2,0,0,0
1626,PARTYNEXTDOOR,1.0,2,0,0,0
1627,PASSENGER,1.0,1,1,0,0
1628,PASSION PIT,1.0,2,0,0,0
1629,PAUL & LINDA MC CARTNEY,1.0,1,1,0,0
1630,PAUL ANKA,1.0,2,0,0,0
1631,PAUL STANLEY,1.0,1,1,0,0
1632,PAUL WALL,1.0,1,1,0,0
1633,PAULINA RUBIO,1.0,2,0,0,0
1634,PETER CETERA,1.0,1,1,0,0
1635,PETER CRISS,1.0,1,1,0,0
1636,PETEY PABLO,1.0,2,0,0,0
1637,PETRA,1.0,2,0,0,0
1638,PHILLIP PHILLIPS,1.0,1,1,0,0
1639,PHOEBE SNOW,1.0,2,0,0,0
1640,PITCH PERFECT,1.0,1,1,0,0
1641,PLACIDO DOMINGO,1.0,1,1,0,0
1642,PLAIN WHITE T'S,1.0,2,0,0,0
1643,PLAYER,1.0,2,0,0,0
1644,POCO,1.0,2,0,0,0
1645,POSTAL SERVICE,1.0,1,1,0,0
1646,POWERMAN 5000,1.0,1,1,0,0
1647,PRETTY RICKY,1.0,2,0,0,0
1648,PSYCHEDELIC FURS,1.0,2,0,0,0
1649,QUAD CITY DJ'S,1.0,1,1,0,0
1650,QUARTERFLASH,1.0,1,1,0,0
1651,QUEEN LATIFAH,1.0,2,0,0,0
1652,R. KELLY & PUBLIC ANNOUNCEMENT,1.0,1,1,0,0
1653,RAKIM,1.0,2,0,0,0
1654,RALPH TRESVANT,1.0,1,1,0,0
1655,RAMMSTEIN,1.0,1,1,0,0
1656,RAMONES,1.0,2,0,0,0
1657,RAY BOLTZ,1.0,2,0,0,0
1658,RAY LYNCH,1.0,1,1,0,0
1659,"RAY PARKER, JR.",1.0,2,0,0,0
1660,"RAY PARKER, JR. & RAYDIO",1.0,2,0,0,0
1661,RAYDIO,1.0,2,0,0,0
1662,REBECCA ST. JAMES,1.0,2,0,0,0
1663,REGINA BELLE,1.0,2,0,0,0
1664,RICH THE KID,1.0,1,1,0,0
1665,RICHARD SIMMONS,1.0,1,1,0,0
1666,RICK WAKEMAN,1.0,2,0,0,0
1667,ROB BASE & DJ E-Z ROCK,1.0,1,1,0,0
1668,ROBERT JOHNSON,1.0,1,1,0,0
1669,ROBERT PLANT & ALLISON KRAUSS,1.0,1,1,0,0
1670,ROBERTA FLACK & DONNY HATHAWAY,1.0,2,0,0,0
1671,ROBIN THICKE,1.0,1,1,0,0
1672,ROBYN,1.0,1,1,0,0
1673,ROGER,1.0,2,0,0,0
1674,ROGER WHITTAKER,1.0,2,0,0,0
1675,ROME,1.0,1,1,0,0
1676,ROXY MUSIC,1.0,1,1,0,0
1677,RUFF RYDERS,1.0,1,1,0,0
1678,RUSS,1.0,1,1,0,0
1679,RYAN CABRERA,1.0,1,1,0,0
1680,SCANDAL,1.0,1,1,0,0
1681,SCOTT STAPP,1.0,1,1,0,0
1682,SELENA GOMEZ,1.0,1,1,0,0
1683,SEMISONIC,1.0,1,1,0,0
1684,SEPULTURA,1.0,2,0,0,0
1685,SEVEN MARY THREE,1.0,1,1,0,0
1686,SEX PISTOLS,1.0,1,1,0,0
1687,SHABBA RANKS,1.0,2,0,0,0
1688,SHAWN COLVIN,1.0,1,1,0,0
1689,SHAWN MULLINS,1.0,1,1,0,0
1690,SHEILA E,1.0,2,0,0,0
1691,SHYNE,1.0,2,0,0,0
1692,SISTER HAZEL,1.0,1,1,0,0
1693,SISTER SLEDGE,1.0,1,1,0,0
1694,SIXPENCE NONE THE RICHER,1.0,1,1,0,0
1695,SLAVE,1.0,2,0,0,0
1696,SMOKEY ROBINSON,1.0,2,0,0,0
1697,SMOKIE NORFUL,1.0,2,0,0,0
1698,SNOW,1.0,1,1,0,0
1699,SOCIAL DISTORTION,1.0,2,0,0,0
1700,SOPHIE B. HAWKINS,1.0,2,0,0,0
1701,SOUL FOR REAL,1.0,1,1,0,0
1702,SOUNDS OF BLACKNESS,1.0,2,0,0,0
1703,SQUEEZE,1.0,1,1,0,0
1704,ST. LUNATICS,1.0,1,1,0,0
1705,STABBING WESTWARD,1.0,2,0,0,0
1706,STEEL PULSE,1.0,2,0,0,0
1707,STEVE EARLE,1.0,2,0,0,0
1708,STEVIE RAY VAUGHAN AND DOUBLE TROUBLE,1.0,1,1,0,0
1709,STORY OF THE YEAR,1.0,1,1,0,0
1710,SUMMER WALKER,1.0,1,1,0,0
1711,T-PAIN,1.0,2,0,0,0
1712,TAME IMPALA,1.0,1,1,0,0
1713,TAYLOR HICKS,1.0,1,1,0,0
1714,TECHNOTRONIC,1.0,1,1,0,0
1715,TEENA MARIE,1.0,2,0,0,0
1716,TEMPLE OF THE DOG,1.0,1,1,0,0
1717,TEN YEARS AFTER,1.0,1,1,0,0
1718,TENACIOUS D,1.0,1,1,0,0
1719,THE A*TEENS,1.0,2,0,0,0
1720,THE BREEDERS,1.0,1,1,0,0
1721,THE BYRDS,1.0,1,1,0,0
1722,THE CARDIGANS,1.0,1,1,0,0
1723,THE CHIEFTAINS,1.0,2,0,0,0
1724,THE CRYSTAL METHOD,1.0,1,1,0,0
1725,THE D.O.C.,1.0,1,1,0,0
1726,THE DREAM,1.0,1,1,0,0
1727,THE FABULOUS THUNDERBIRDS,1.0,1,1,0,0
1728,THE FLOATERS,1.0,1,1,0,0
1729,THE GRASSROOTS,1.0,2,0,0,0
1730,THE HIGHWAYMEN,1.0,1,1,0,0
1731,THE HONEYDRIPPERS,1.0,1,1,0,0
1732,THE LEMONHEADS,1.0,2,0,0,0
1733,THE MAMAS & THE PAPAS,1.0,1,1,0,0
1734,THE MOTELS,1.0,2,0,0,0
1735,THE PLATTERS,1.0,2,0,0,0
1736,THE POWER STATION,1.0,1,1,0,0
1737,THE RED JUMPSUIT APPARATUS,1.0,1,1,0,0
1738,THE REMBRANDTS,1.0,1,1,0,0
1739,THE ROBERTSONS,1.0,1,1,0,0
1740,THE SUNDAYS,1.0,2,0,0,0
1741,THE VERVE,1.0,1,1,0,0
1742,THE VERVE PIPE,1.0,1,1,0,0
1743,THE-DREAM,1.0,2,0,0,0
1744,THEY MIGHT BE GIANTS,1.0,1,1,0,0
1745,TIL TUESDAY,1.0,2,0,0,0
1746,TIMBALAND,1.0,1,1,0,0
1747,TIMBALAND AND MAGOO,1.0,1,1,0,0
1748,TOADIES,1.0,1,1,0,0
1749,TOM PETTY,1.0,2,0,0,0
1750,TONIC,1.0,1,1,0,0
1751,TONY ORLANDO & DAWN,1.0,2,0,0,0
1752,TONY RICH PROJECT,1.0,1,1,0,0
1753,TOVE LO,1.0,1,1,0,0
1754,TRAPT,1.0,1,1,0,0
1755,TY DOLLA $IGN,1.0,2,0,0,0
1756,TY HERNDON,1.0,2,0,0,0
1757,UNDEROATH,1.0,2,0,0,0
1758,US3,1.0,1,1,0,0
1759,VANESSA CARLTON,1.0,1,1,0,0
1760,VANGELIS,1.0,1,1,0,0
1761,VAUGHAN BROTHERS,1.0,1,1,0,0
1762,VITAMIN C,1.0,1,1,0,0
1763,VOLBEAT,1.0,2,0,0,0
1764,W.A.S.P.,1.0,2,0,0,0
1765,WADE HAYES,1.0,2,0,0,0
1766,WALE,1.0,2,0,0,0
1767,WALK THE MOON,1.0,1,1,0,0
1768,WEATHER REPORT,1.0,1,1,0,0
1769,WENDY CARLOS,1.0,1,1,0,0
1770,WILD CHERRY,1.0,1,1,0,0
1771,WRECKX 'N' EFFECT,1.0,1,1,0,0
1772,WYNTON MARSALIS,1.0,2,0,0,0
1773,X AMBASSADORS,1.0,1,1,0,0
1774,YAZ,1.0,1,1,0,0
1775,YEAH YEAH YEAHS,1.0,2,0,0,0
1776,YOUNG BUCK,1.0,1,1,0,0
1777,ZAPP & ROGER,1.0,1,1,0,0
1778,ZARA LARSSON,1.0,1,1,0,0
1779,ZHANE,1.0,1,1,0,0
1780,10 YEARS,0.5,1,0,0,0
1781,2 UNLIMITED,0.5,1,0,0,0
1782,21 SAVAGE & METRO BOOMIN,0.5,1,0,0,0
1783,21 SAVAGE & METRO BOOMIN,0.5,1,0,0,0
1784,24KGOLDN,0.5,1,0,0,0
1785,4 HIM,0.5,1,0,0,0
1786,5 SECONDS OF SUMMER,0.5,1,0,0,0
1787,504 BOYZ,0.5,1,0,0,0
1788,A FLOCK OF SEAGULLS,0.5,1,0,0,0
1789,A GREAT BIG WORLD,0.5,1,0,0,0
1790,A. DORATI / MINNEAPOLIS SYMPHONY,0.5,1,0,0,0
1791,ABC,0.5,1,0,0,0
1792,ACCEPT,0.5,1,0,0,0
1793,ADAM AND THE ANTS,0.5,1,0,0,0
1794,ADAM ANT,0.5,1,0,0,0
1795,ADAM LAMBERT,0.5,1,0,0,0
1796,ADEMA,0.5,1,0,0,0
1797,ADINA HOWARD,0.5,1,0,0,0
1798,AFROMAN,0.5,1,0,0,0
1799,AJR,0.5,1,0,0,0
1800,AL DIMEOLA,0.5,1,0,0,0
1801,AL MARTINO,0.5,1,0,0,0
1802,ALAN WALKER,0.5,1,0,0,0
1803,ALEC BENJAMIN,0.5,1,0,0,0
1804,ALEJANDRO SANZ,0.5,1,0,0,0
1805,ALLAN SHERMAN,0.5,1,0,0,0
1806,ALLURE,0.5,1,0,0,0
1807,ALTER BRIDGE,0.5,1,0,0,0
1808,ALVIN AND THE CHIPMUNKS,0.5,1,0,0,0
1809,ALY & AJ,0.5,1,0,0,0
1810,AMERICAN AUTHORS,0.5,1,0,0,0
1811,AMG,0.5,1,0,0,0
1812,AMII STEWART,0.5,1,0,0,0
1813,AMINE,0.5,1,0,0,0
1814,ANDERSON BRUFORD WAKEMAN HOWE,0.5,1,0,0,0
1815,ANDRE KOSTELANETZ,0.5,1,0,0,0
1816,ANDREW DICE CLAY,0.5,1,0,0,0
1817,ANDY GRAMMER,0.5,1,0,0,0
1818,ANDY GRIGGS,0.5,1,0,0,0
1819,ANGELO BADALAMENTI,0.5,1,0,0,0
1820,ANGELS & AIRWAVES,0.5,1,0,0,0
1821,ANI DI FRANCO,0.5,1,0,0,0
1822,ANNA NALICK,0.5,1,0,0,0
1823,ASHER ROTH,0.5,1,0,0,0
1824,ASHLEY TISDALE,0.5,1,0,0,0
1825,AUBREY HILLIARD,0.5,1,0,0,0
1826,AUDIO ADRENALINE,0.5,1,0,0,0
1827,AUGUST ALSINA,0.5,1,0,0,0
1828,AUTOGRAPH,0.5,1,0,0,0
1829,AVA MAX,0.5,1,0,0,0
1830,B.J. THOMAS,0.5,1,0,0,0
1831,B.T. EXPRESS,0.5,1,0,0,0
1832,BABY AKA THE #1 STUNNA,0.5,1,0,0,0
1833,BABY BASH,0.5,1,0,0,0
1834,BAD BOY'S DA BAND,0.5,1,0,0,0
1835,BAD MEETS EVIL,0.5,1,0,0,0
1836,BAD RELIGION,0.5,1,0,0,0
1837,BANANARAMA,0.5,1,0,0,0
1838,BAND OF HORSES,0.5,1,0,0,0
1839,BANDA ARKANGEL,0.5,1,0,0,0
1840,BANDA MACHOS,0.5,1,0,0,0
1841,BANKS,0.5,1,0,0,0
1842,BAZ LUHRMANN,0.5,1,0,0,0
1843,BBMAK,0.5,1,0,0,0
1844,BEANIE SIGEL,0.5,1,0,0,0
1845,BELLY,0.5,1,0,0,0
1846,BEN HOWARD,0.5,1,0,0,0
1847,BENNY GOODMAN,0.5,1,0,0,0
1848,BERLIN PHILHARMONIC / KARAJAN,0.5,1,0,0,0
1849,BEYOND THE HORIZON,0.5,1,0,0,0
1850,BIG AUDIO DYNAMITE II,0.5,1,0,0,0
1851,BIG COUNTRY,0.5,1,0,0,0
1852,BIG L,0.5,1,0,0,0
1853,BIG MIKE,0.5,1,0,0,0
1854,BIG TIME RUSH,0.5,1,0,0,0
1855,BILLY JOE ROYAL,0.5,1,0,0,0
1856,BILLY PAUL,0.5,1,0,0,0
1857,BILLY VAUGHN & HIS ORCHESTRA,0.5,1,0,0,0
1858,BILLY VERA & THE BEATERS,0.5,1,0,0,0
1859,BIRDMAN / LIL WAYNE,0.5,1,0,0,0
1860,BIZ MARKIE,0.5,1,0,0,0
1861,BIZZY BONE,0.5,1,0,0,0
1862,BLACK BOX,0.5,1,0,0,0
1863,BLACK SHEEP,0.5,1,0,0,0
1864,BLESSID UNION OF SOULS,0.5,1,0,0,0
1865,BLOODROCK,0.5,1,0,0,0
1866,BLOOMFIELD / KOOPER / STILLS,0.5,1,0,0,0
1867,BLU CANTRELL,0.5,1,0,0,0
1868,BLUE MAN GROUP,0.5,1,0,0,0
1869,BLUR,0.5,1,0,0,0
1870,BO BICE,0.5,1,0,0,0
1871,BOB & DOUG MC KENZIE,0.5,1,0,0,0
1872,BOB DYLAN & THE DEAD,0.5,1,0,0,0
1873,BOB JAMES,0.5,1,0,0,0
1874,BOB JAMES & EARL KLUGH,0.5,1,0,0,0
1875,BOB RIVERS COMEDY CORP,0.5,1,0,0,0
1876,BOBBY 'BLUE' BLAND & B.B. KING,0.5,1,0,0,0
1877,BOBBY GENTRY,0.5,1,0,0,0
1878,BOBBY GENTRY & GLEN CAMPBELL,0.5,1,0,0,0
1879,BOBBY GOLDSBORO,0.5,1,0,0,0
1880,BOBBY SHMURDA,0.5,1,0,0,0
1881,BOBBY VALENTINO,0.5,1,0,0,0
1882,BODY COUNT,0.5,1,0,0,0
1883,BONHAM,0.5,1,0,0,0
1884,BORNS,0.5,1,0,0,0
1885,BOW WOW & OMARION,0.5,1,0,0,0
1886,BOWLING FOR SOUP,0.5,1,0,0,0
1887,BOYS LIKE GIRLS,0.5,1,0,0,0
1888,BRAND NEW,0.5,1,0,0,0
1889,BRANDI CARLILE,0.5,1,0,0,0
1890,BREATHE,0.5,1,0,0,0
1891,BRIGHT EYES,0.5,1,0,0,0
1892,BRING ME THE HORIZON,0.5,1,0,0,0
1893,BRITNY FOX,0.5,1,0,0,0
1894,BROTHERS OSBORNE,0.5,1,0,0,0
1895,BRUCE HORNSBY,0.5,1,0,0,0
1896,BRUCE WILLIS,0.5,1,0,0,0
1897,BRYAN FERRY,0.5,1,0,0,0
1898,BUBBA SPARXXX,0.5,1,0,0,0
1899,BUCK OWENS,0.5,1,0,0,0
1900,BUCKNER & GARCIA,0.5,1,0,0,0
1901,BUDDY GUY,0.5,1,0,0,0
1902,BUDDY JEWELL,0.5,1,0,0,0
1903,BUJU BANTON,0.5,1,0,0,0
1904,BULLET FOR MY VALENTINE,0.5,1,0,0,0
1905,BULLETBOYS,0.5,1,0,0,0
1906,BUN B,0.5,1,0,0,0
1907,BURL IVES,0.5,1,0,0,0
1908,BUTTHOLE SURFERS,0.5,1,0,0,0
1909,C.W. MC CALL,0.5,1,0,0,0
1910,CALBOY,0.5,1,0,0,0
1911,CAM,0.5,1,0,0,0
1912,CAM'RON PRESENTS THE DIPLOMATS,0.5,1,0,0,0
1913,CANDY DULFER,0.5,1,0,0,0
1914,CANDYMAN,0.5,1,0,0,0
1915,CANIBUS,0.5,1,0,0,0
1916,CAPPADONNA,0.5,1,0,0,0
1917,CARLOS SANTANA & JOHN MC LAUGHLIN,0.5,1,0,0,0
1918,CASSIDY,0.5,1,0,0,0
1919,CE CE PENISTON,0.5,1,0,0,0
1920,CHAMBERS BROTHERS,0.5,1,0,0,0
1921,CHANGE,0.5,1,0,0,0
1922,CHANTE MOORE,0.5,1,0,0,0
1923,CHARLIE WILSON,0.5,1,0,0,0
1924,CHAYANNE,0.5,1,0,0,0
1925,CHELY WRIGHT,0.5,1,0,0,0
1926,CHERISH,0.5,1,0,0,0
1927,CHERYL LYNN,0.5,1,0,0,0
1928,CHICKENFOOT,0.5,1,0,0,0
1929,CHICO DE BARGE,0.5,1,0,0,0
1930,CHIEF KEEF,0.5,1,0,0,0
1931,CHRIS DE BURGH,0.5,1,0,0,0
1932,CHRIS JANSON,0.5,1,0,0,0
1933,CHRIS REA,0.5,1,0,0,0
1934,CHUCK BERRY,0.5,1,0,0,0
1935,CHUCK BROWN / SOUL SEARCHERS,0.5,1,0,0,0
1936,CITIZEN COPE,0.5,1,0,0,0
1937,CITY HIGH,0.5,1,0,0,0
1938,CLAUDINE LONGET,0.5,1,0,0,0
1939,CLEDUS T. JUDD,0.5,1,0,0,0
1940,CLIPSE,0.5,1,0,0,0
1941,COAL CHAMBER,0.5,1,0,0,0
1942,COLT FORD,0.5,1,0,0,0
1943,CONAN GRAY,0.5,1,0,0,0
1944,CONCRETE BLONDE,0.5,1,0,0,0
1945,CONNIE FRANCIS,0.5,1,0,0,0
1946,CRACKER,0.5,1,0,0,0
1947,CRAIG MACK,0.5,1,0,0,0
1948,CROWDER,0.5,1,0,0,0
1949,CRUCIAL CONFLICT,0.5,1,0,0,0
1950,CRYSTAL LEWIS,0.5,1,0,0,0
1951,CRYSTAL WATERS,0.5,1,0,0,0
1952,CUTTING CREW,0.5,1,0,0,0
1953,CYNDI THOMSON,0.5,1,0,0,0
1954,D.R.A.M.,0.5,1,0,0,0
1955,D.R.S.,0.5,1,0,0,0
1956,D4L,0.5,1,0,0,0
1957,DA LENCH MOB,0.5,1,0,0,0
1958,DALLAS HOLM & PRAISE,0.5,1,0,0,0
1959,DAMIAN MARLEY,0.5,1,0,0,0
1960,DAMIEN RICE,0.5,1,0,0,0
1961,DAN HILL,0.5,1,0,0,0
1962,DANA DANE,0.5,1,0,0,0
1963,DANGEROUS TOYS,0.5,1,0,0,0
1964,DANIEL BEDINGFIELD,0.5,1,0,0,0
1965,DANIEL CAESAR,0.5,1,0,0,0
1966,DANIEL POWTER,0.5,1,0,0,0
1967,DANZIG,0.5,1,0,0,0
1968,DARRYL WORLEY,0.5,1,0,0,0
1969,DAVE WILLIAMSON  BIG BAND,0.5,1,0,0,0
1970,DAVID & DAVID,0.5,1,0,0,0
1971,DAVID ARCHULETA,0.5,1,0,0,0
1972,DAVID CASSIDY,0.5,1,0,0,0
1973,DAVID CROSBY,0.5,1,0,0,0
1974,DAVID LANZ,0.5,1,0,0,0
1975,DAVID R. MARACLE,0.5,1,0,0,0
1976,DAVID ROSE & HIS ORCHESTRA,0.5,1,0,0,0
1977,DAWN,0.5,1,0,0,0
1978,DAYA,0.5,1,0,0,0
1979,DAZZ BAND,0.5,1,0,0,0
1980,DEAD KENNEDYS,0.5,1,0,0,0
1981,DEAD OR ALIVE,0.5,1,0,0,0
1982,DEADMAU5,0.5,1,0,0,0
1983,DEAN LEWIS,0.5,1,0,0,0
1984,DEBBIE HARRY,0.5,1,0,0,0
1985,DEEE-LITE,0.5,1,0,0,0
1986,DEEP BLUE SOMETHING,0.5,1,0,0,0
1987,DEEP FOREST,0.5,1,0,0,0
1988,DEF SQUAD,0.5,1,0,0,0
1989,DELIRIOUS?,0.5,1,0,0,0
1990,DEM FRANCHIZE BOYZ,0.5,1,0,0,0
1991,DENIS LEARY,0.5,1,0,0,0
1992,DIANA KING,0.5,1,0,0,0
1993,DIANA ROSS & LIONEL RICHIE,0.5,1,0,0,0
1994,DIANA ROSS & THE SUPREMES,0.5,1,0,0,0
1995,DIDDY,0.5,1,0,0,0
1996,DIGABLE PLANETS,0.5,1,0,0,0
1997,DINO,0.5,1,0,0,0
1998,DIPLO,0.5,1,0,0,0
1999,DIRTY VEGAS,0.5,1,0,0,0
2000,DISHWALLA,0.5,1,0,0,0
2001,DIVINYLS,0.5,1,0,0,0
2002,DJ MAGIC MIKE & MC MADNESS,0.5,1,0,0,0
2003,DNCE,0.5,1,0,0,0
2004,DOJA CAT,0.5,1,0,0,0
2005,DOLLY PARTON WITH TAMMY WYNETTE & LORETTA LYNN,0.5,1,0,0,0
2006,DOMINO,0.5,1,0,0,0
2007,DON HO,0.5,1,0,0,0
2008,DON JOHNSON,0.5,1,0,0,0
2009,DON MOEN,0.5,1,0,0,0
2010,DON TOLIVER,0.5,1,0,0,0
2011,DONNA FARGO,0.5,1,0,0,0
2012,DONNY HATHAWAY,0.5,1,0,0,0
2013,DORIS DAY,0.5,1,0,0,0
2014,DOUG SUPERNAW,0.5,1,0,0,0
2015,DR. BUZZARD'S ... SAVANNAH BAND,0.5,1,0,0,0
2016,DR. HOOK,0.5,1,0,0,0
2017,DR. MARK BESHARA,0.5,1,0,0,0
2018,DRAG-ON,0.5,1,0,0,0
2019,DRAGONFORCE,0.5,1,0,0,0
2020,DRAMA,0.5,1,0,0,0
2021,DRAMATICS,0.5,1,0,0,0
2022,DREAM STREET,0.5,1,0,0,0
2023,DREAM THEATER,0.5,1,0,0,0
2024,DRIVIN' N CRYIN',0.5,1,0,0,0
2025,DROPKICK MURPHYS,0.5,1,0,0,0
2026,DUANE ALLMAN,0.5,1,0,0,0
2027,DUFFY,0.5,1,0,0,0
2028,DUICE,0.5,1,0,0,0
2029,DUNCAN SHEIK,0.5,1,0,0,0
2030,DYLAN SCOTT,0.5,1,0,0,0
2031,EAMON,0.5,1,0,0,0
2032,EARL GRANT,0.5,1,0,0,0
2033,EARL THOMAS CONLEY,0.5,1,0,0,0
2034,EAST COAST FAMILY,0.5,1,0,0,0
2035,ECHOSMITH,0.5,1,0,0,0
2036,EDDY GRANT,0.5,1,0,0,0
2037,EDEN'S CRUSH,0.5,1,0,0,0
2038,EDWARD SHARPE & THE MAGNETIC ZEROS,0.5,1,0,0,0
2039,EL DEBARGE,0.5,1,0,0,0
2040,ELASTICA,0.5,1,0,0,0
2041,ELEVATION WORSHIP,0.5,1,0,0,0
2042,ELLA FITZGERALD,0.5,1,0,0,0
2043,ELLE KING,0.5,1,0,0,0
2044,ELLIOTT YAMIN,0.5,1,0,0,0
2045,ELTON JOHN & TIM RICE,0.5,1,0,0,0
2046,EMELI SANDE,0.5,1,0,0,0
2047,EMPIRE CAST,0.5,1,0,0,0
2048,EMPIRE OF THE SUN,0.5,1,0,0,0
2049,ENGLAND DAN & JOHN FORD COLEY,0.5,1,0,0,0
2050,ENOCH LIGHT,0.5,1,0,0,0
2051,ERIC BENET,0.5,1,0,0,0
2052,ERIC CARMEN,0.5,1,0,0,0
2053,ESCAPE CLUB,0.5,1,0,0,0
2054,ETTA JAMES,0.5,1,0,0,0
2055,EVELYN KING,0.5,1,0,0,0
2056,EVERYTHING BUT THE GIRL,0.5,1,0,0,0
2057,EVIE,0.5,1,0,0,0
2058,F.L.Y. (FAST LIFE YUNGSTAZ),0.5,1,0,0,0
2059,FACES,0.5,1,0,0,0
2060,FALCO,0.5,1,0,0,0
2061,FALLING IN REVERSE,0.5,1,0,0,0
2062,FAMOUS DEX,0.5,1,0,0,0
2063,FASTER PUSSYCAT,0.5,1,0,0,0
2064,FATBACK BAND,0.5,1,0,0,0
2065,FEAR FACTORY,0.5,1,0,0,0
2066,FEIST,0.5,1,0,0,0
2067,FERRANTE & TEICHER,0.5,1,0,0,0
2068,FIEND,0.5,1,0,0,0
2069,FITZ AND THE TANTRUMS,0.5,1,0,0,0
2070,FLEET FOXES,0.5,1,0,0,0
2071,FLESH & BONE,0.5,1,0,0,0
2072,FLIP WILSON,0.5,1,0,0,0
2073,FLIPMODE SQUAD,0.5,1,0,0,0
2074,FLOETRY,0.5,1,0,0,0
2075,FLOGGING MOLLY,0.5,1,0,0,0
2076,FLUME,0.5,1,0,0,0
2077,FOR KING & COUNTRY,0.5,1,0,0,0
2078,FOR KING & COUNTRY,0.5,1,0,0,0
2079,FRANCESCA BATTISTELLI,0.5,1,0,0,0
2080,FRANK FONTAINE,0.5,1,0,0,0
2081,FRANK MILLS,0.5,1,0,0,0
2082,FRANK ZAPPA,0.5,1,0,0,0
2083,FRANKIE GOES TO HOLLYWOOD,0.5,1,0,0,0
2084,FRANKIE VALLI & THE FOUR SEASONS,0.5,1,0,0,0
2085,FREDDIE HART,0.5,1,0,0,0
2086,FREDDY FENDER,0.5,1,0,0,0
2087,FU-SCHNICKENS,0.5,1,0,0,0
2088,FUNKMASTER FLEX & BIG KAP,0.5,1,0,0,0
2089,G HERBO,0.5,1,0,0,0
2090,G. LOVE AND SPECIAL SAUCE,0.5,1,0,0,0
2091,GABBY BARRETT,0.5,1,0,0,0
2092,GARY LEWIS,0.5,1,0,0,0
2093,GARY MOORE,0.5,1,0,0,0
2094,GARY MORRIS,0.5,1,0,0,0
2095,GATO BARBIERI,0.5,1,0,0,0
2096,GEORGE BENSON & EARL KLUGH,0.5,1,0,0,0
2097,GEORGE DUKE,0.5,1,0,0,0
2098,GEORGE EZRA,0.5,1,0,0,0
2099,GEORGE HARRISON & FRIENDS,0.5,1,0,0,0
2100,GEORGE JONES & TAMMY WYNETTE,0.5,1,0,0,0
2101,"GERALD LEVERT & EDDIE LEVERT, SR.",0.5,1,0,0,0
2102,GERARDO,0.5,1,0,0,0
2103,GERI HALLIWELL,0.5,1,0,0,0
2104,GIORGIO MARAUDER,0.5,1,0,0,0
2105,GIVEON,0.5,1,0,0,0
2106,GLADYS KNIGHT,0.5,1,0,0,0
2107,GLASS TIGER,0.5,1,0,0,0
2108,GLEN HANSARD & MARKETA IRGLOVA,0.5,1,0,0,0
2109,GNASH,0.5,1,0,0,0
2110,GOLDEN EARRING,0.5,1,0,0,0
2111,GOLDLINK,0.5,1,0,0,0
2112,GRAHAM CENTRAL STATION,0.5,1,0,0,0
2113,GRAHAM NASH,0.5,1,0,0,0
2114,GREEN JELLY,0.5,1,0,0,0
2115,GREGG ALLMAN,0.5,1,0,0,0
2116,GREGG BAND ALLMAN,0.5,1,0,0,0
2117,GREGORY ABBOTT,0.5,1,0,0,0
2118,GRETA VAN FLEET,0.5,1,0,0,0
2119,GROOVE THEORY,0.5,1,0,0,0
2120,GROUPLOVE,0.5,1,0,0,0
2121,GRUPO LIMITE,0.5,1,0,0,0
2122,GRUPO MOJADO,0.5,1,0,0,0
2123,GTR,0.5,1,0,0,0
2124,GYM CLASS HEROES,0.5,1,0,0,0
2125,H.I.M.,0.5,1,0,0,0
2126,HAL KETCHUM,0.5,1,0,0,0
2127,HARRY SIMEONE,0.5,1,0,0,0
2128,HARVEY DANGER,0.5,1,0,0,0
2129,HEAD EAST,0.5,1,0,0,0
2130,HEAVY D,0.5,1,0,0,0
2131,HELLYEAH,0.5,1,0,0,0
2132,HELMET,0.5,1,0,0,0
2133,HIGHWAY 101,0.5,1,0,0,0
2134,HILLSONG UNITED,0.5,1,0,0,0
2135,HOLIDAY SPIRITS,0.5,1,0,0,0
2136,HOLLY DUNN,0.5,1,0,0,0
2137,HOUSTON,0.5,1,0,0,0
2138,HOWIE DAY,0.5,1,0,0,0
2139,HUGO MONTENEGRO,0.5,1,0,0,0
2140,HUMAN LEAGUE,0.5,1,0,0,0
2141,IBRAHIM FERRER,0.5,1,0,0,0
2142,IDEAL,0.5,1,0,0,0
2143,IDINA MENZEL,0.5,1,0,0,0
2144,IKE AND TINA TURNER,0.5,1,0,0,0
2145,IMOGEN HEAP,0.5,1,0,0,0
2146,IN THIS MOMENT,0.5,1,0,0,0
2147,INFORMATION SOCIETY,0.5,1,0,0,0
2148,INSTANT FUNK,0.5,1,0,0,0
2149,INTERNET MONEY,0.5,1,0,0,0
2150,INTRO,0.5,1,0,0,0
2151,IT'S A BEAUTIFUL DAY,0.5,1,0,0,0
2152,J-KWON,0.5,1,0,0,0
2153,J. HOLIDAY,0.5,1,0,0,0
2154,J. MACDONALD & NELSON EDDY,0.5,1,0,0,0
2155,J.J. FAD,0.5,1,0,0,0
2156,JACK HARLOW,0.5,1,0,0,0
2157,JACK WHITE,0.5,1,0,0,0
2158,JACQUEES,0.5,1,0,0,0
2159,JAMES,0.5,1,0,0,0
2160,JAMES TAYLOR & CAROLE KING,0.5,1,0,0,0
2161,JAMIE O'NEAL,0.5,1,0,0,0
2162,JANN ARDEN,0.5,1,0,0,0
2163,JAZMINE SULLIVAN,0.5,1,0,0,0
2164,JEAN P. RAMPAL & CLAUDE BOLLING,0.5,1,0,0,0
2165,JEANNIE C. RILEY,0.5,1,0,0,0
2166,JENNIFER KNAPP,0.5,1,0,0,0
2167,JERRY JEFF WALKER,0.5,1,0,0,0
2168,JESS GLYNNE,0.5,1,0,0,0
2169,JESSE JOHNSON'S REVUE,0.5,1,0,0,0
2170,JESSE POWELL,0.5,1,0,0,0
2171,JESSICA ANDREWS,0.5,1,0,0,0
2172,JIMI HENDRIX & OTIS REDDING,0.5,1,0,0,0
2173,JIMMY PAGE,0.5,1,0,0,0
2174,JIMMY PAGE & THE BLACK CROWES,0.5,1,0,0,0
2175,JIVE BUNNY & MASTERMIXERS,0.5,1,0,0,0
2176,JJ CALE & ERIC CLAPTON,0.5,1,0,0,0
2177,JOANIE BARTELS,0.5,1,0,0,0
2178,JOEY MC INTYRE,0.5,1,0,0,0
2179,JOEY+RORY,0.5,1,0,0,0
2180,JOHN CONLEE,0.5,1,0,0,0
2181,JOHN MAYALL,0.5,1,0,0,0
2182,JOHN MAYER TRIO,0.5,1,0,0,0
2183,JOHN P. KEE,0.5,1,0,0,0
2184,JOHN PRINE,0.5,1,0,0,0
2185,JOHN WAITE,0.5,1,0,0,0
2186,JOHNNY LEE,0.5,1,0,0,0
2187,JOHNNY MATHIS & DENIECE WILLIAMS,0.5,1,0,0,0
2188,JOHNNY WINTER,0.5,1,0,0,0
2189,JON BELLION,0.5,1,0,0,0
2190,JONAS BLUE,0.5,1,0,0,0
2191,JONATHAN BUTLER,0.5,1,0,0,0
2192,JORDAN KNIGHT,0.5,1,0,0,0
2193,JOSE LUIS RODRIGUEZ,0.5,1,0,0,0
2194,JOSH GRACIN,0.5,1,0,0,0
2195,JUDI SHEPPARD MISSETT,0.5,1,0,0,0
2196,JUDY GARLAND,0.5,1,0,0,0
2197,JUELZ SANTANA,0.5,1,0,0,0
2198,JULIE ROBERTS,0.5,1,0,0,0
2199,JUNIOR M.A.F.I.A.,0.5,1,0,0,0
2200,K.C. & THE SUNSHINE BAND,0.5,1,0,0,0
2201,K.D. LANG & THE RECLINES,0.5,1,0,0,0
2202,K7,0.5,1,0,0,0
2203,KALEO,0.5,1,0,0,0
2204,KANE & ABEL,0.5,1,0,0,0
2205,KAOMA,0.5,1,0,0,0
2206,KARLA BONOFF,0.5,1,0,0,0
2207,KATE BUSH,0.5,1,0,0,0
2208,KEALI'I REICHEL,0.5,1,0,0,0
2209,KEB' MO',0.5,1,0,0,0
2210,KEITH ANDERSON,0.5,1,0,0,0
2211,KEITH GREEN,0.5,1,0,0,0
2212,KEITH MURRAY,0.5,1,0,0,0
2213,KEITH RICHARDS,0.5,1,0,0,0
2214,KEITH WASHINGTON,0.5,1,0,0,0
2215,KEKE WYATT,0.5,1,0,0,0
2216,KELIS,0.5,1,0,0,0
2217,KELLIE PICKLER,0.5,1,0,0,0
2218,KELLY ROWLAND,0.5,1,0,0,0
2219,KENNY LATTIMORE,0.5,1,0,0,0
2220,KENT HENRY,0.5,1,0,0,0
2221,KERI HILSON,0.5,1,0,0,0
2222,KEVIN LYTTLE,0.5,1,0,0,0
2223,KEVIN SHARP,0.5,1,0,0,0
2224,KHIA,0.5,1,0,0,0
2225,KID INK,0.5,1,0,0,0
2226,KIDS SEE GHOSTS,0.5,1,0,0,0
2227,KING CRIMSON,0.5,1,0,0,0
2228,KINGDOM COME,0.5,1,0,0,0
2229,KITTIE,0.5,1,0,0,0
2230,KLYMAXX,0.5,1,0,0,0
2231,KRIS KRISTOFFERSON & RITA COOLIDGE,0.5,1,0,0,0
2232,KRS-ONE,0.5,1,0,0,0
2233,KURT CARR,0.5,1,0,0,0
2234,KUTLESS,0.5,1,0,0,0
2235,KYGO,0.5,1,0,0,0
2236,LAKESIDE,0.5,1,0,0,0
2237,LARI WHITE,0.5,1,0,0,0
2238,LARRY GRAHAM,0.5,1,0,0,0
2239,LAURA STORY,0.5,1,0,0,0
2240,LAUV,0.5,1,0,0,0
2241,LECRAE,0.5,1,0,0,0
2242,LEN,0.5,1,0,0,0
2243,LENNY WILLIAMS,0.5,1,0,0,0
2244,LEON BRIDGES,0.5,1,0,0,0
2245,LEON REDBONE,0.5,1,0,0,0
2246,LES MC CANN & EDDIE HARRIS,0.5,1,0,0,0
2247,LIL DICKY,0.5,1,0,0,0
2248,LIL DURK,0.5,1,0,0,0
2249,LIL MOSEY,0.5,1,0,0,0
2250,LIL' ROMEO,0.5,1,0,0,0
2251,LILY ALLEN,0.5,1,0,0,0
2252,LIN-MANUEL MIRANDA,0.5,1,0,0,0
2253,"LIPPS, INC.",0.5,1,0,0,0
2254,LISA MARIE PRESLEY,0.5,1,0,0,0
2255,LLOYD,0.5,1,0,0,0
2256,LMFAO,0.5,1,0,0,0
2257,LONDON BEAT,0.5,1,0,0,0
2258,LONDON PHILHARMONIC ORCHESTRA,0.5,1,0,0,0
2259,LONDON SYMPHONY ORCH. & CHOIR,0.5,1,0,0,0
2260,LORD HURON,0.5,1,0,0,0
2261,LOS ANGELES AZULEZ,0.5,1,0,0,0
2262,LOS ANGELES DE CHARLY,0.5,1,0,0,0
2263,LOS BUKIS,0.5,1,0,0,0
2264,LOS TUCANES DE TIJUANA,0.5,1,0,0,0
2265,LOSTPROPHETS,0.5,1,0,0,0
2266,LOUIS PRIMA,0.5,1,0,0,0
2267,LOVE & ROCKETS,0.5,1,0,0,0
2268,LOVIN' SPOONFUL,0.5,1,0,0,0
2269,LUCINDA WILLIAMS,0.5,1,0,0,0
2270,LUCY PEARL,0.5,1,0,0,0
2271,LUDACRIS & DTP,0.5,1,0,0,0
2272,LUNY TUNES,0.5,1,0,0,0
2273,LUPILLO RIVERA,0.5,1,0,0,0
2274,LUSCIOUS JACKSON,0.5,1,0,0,0
2275,LYFE JENNINGS,0.5,1,0,0,0
2276,M.I.A.,0.5,1,0,0,0
2277,MACKLEMORE,0.5,1,0,0,0
2278,MAD SEASON,0.5,1,0,0,0
2279,MADELEINE PEYROUX,0.5,1,0,0,0
2280,MAJOR LAZER,0.5,1,0,0,0
2281,MANFRED MANN'S EARTH BAND,0.5,1,0,0,0
2282,MANNHEIM STEAMROLLER &  M. WILLIAMS,0.5,1,0,0,0
2283,MARANATHA,0.5,1,0,0,0
2284,MARIA MULDAUR,0.5,1,0,0,0
2285,"MARILYN MC COO & BILLY DAVIS, JR.",0.5,1,0,0,0
2286,MARINA & THE DIAMONDS,0.5,1,0,0,0
2287,MARIO WINANS,0.5,1,0,0,0
2288,MARK KNOPFLER,0.5,1,0,0,0
2289,MARLO THOMAS,0.5,1,0,0,0
2290,MARS VOLTA,0.5,1,0,0,0
2291,MARTIKA,0.5,1,0,0,0
2292,MARVIN HAMLISCH,0.5,1,0,0,0
2293,MARY JANE GIRLS,0.5,1,0,0,0
2294,MAT KEARNEY,0.5,1,0,0,0
2295,MATT NATHANSON,0.5,1,0,0,0
2296,MATT REDMAN,0.5,1,0,0,0
2297,MAXI PRIEST,0.5,1,0,0,0
2298,MAYDAY PARADE,0.5,1,0,0,0
2299,MAYNARD FERGUSON,0.5,1,0,0,0
2300,MC BRIDE & THE RIDE,0.5,1,0,0,0
2301,MC EIHT FEAT. CMW,0.5,1,0,0,0
2302,MC FADDEN & WHITEHEAD,0.5,1,0,0,0
2303,MEAT PUPPETS,0.5,1,0,0,0
2304,MEN WITHOUT HATS,0.5,1,0,0,0
2305,METHODS OF MAYHEM,0.5,1,0,0,0
2306,MFSB,0.5,1,0,0,0
2307,MGMT,0.5,1,0,0,0
2308,MIA X,0.5,1,0,0,0
2309,MICHAEL CARD,0.5,1,0,0,0
2310,MICHAEL HENDERSON,0.5,1,0,0,0
2311,MICHAEL NYMAN,0.5,1,0,0,0
2312,MICHAEL PETERSON,0.5,1,0,0,0
2313,MICHEL'LE,0.5,1,0,0,0
2314,MIDLAND,0.5,1,0,0,0
2315,MIKE OLDFIELD,0.5,1,0,0,0
2316,MILKY CHANCE,0.5,1,0,0,0
2317,MINNIE RIPERTON,0.5,1,0,0,0
2318,MINT CONDITION,0.5,1,0,0,0
2319,MISSING PERSONS,0.5,1,0,0,0
2320,MITCH HEDBERG,0.5,1,0,0,0
2321,MJG,0.5,1,0,0,0
2322,MODERN ENGLISH,0.5,1,0,0,0
2323,MONIFAH,0.5,1,0,0,0
2324,MONSTER MAGNET,0.5,1,0,0,0
2325,MORRIS DAY,0.5,1,0,0,0
2326,MOTHERS,0.5,1,0,0,0
2327,MR. ACKER BILK,0.5,1,0,0,0
2328,MR. C THE SLIDE MAN,0.5,1,0,0,0
2329,MTUME,0.5,1,0,0,0
2330,MURPHY LEE,0.5,1,0,0,0
2331,MXPX,0.5,1,0,0,0
2332,N.W.A. & THE POSSE,0.5,1,0,0,0
2333,N.Y. PHILHARMONIC ORCHESTRA WITH LEONARD BERNSTEIN,0.5,1,0,0,0
2334,N2DEEP,0.5,1,0,0,0
2335,NANCI GRIFFITH,0.5,1,0,0,0
2336,NANCY CASSIDY,0.5,1,0,0,0
2337,NANCY SINATRA,0.5,1,0,0,0
2338,NANCY SINATRA & LEE HAZLEWOOD,0.5,1,0,0,0
2339,NATALIE GRANT,0.5,1,0,0,0
2340,NATHANIEL RATELIFF AND THE NIGHT SWEATS,0.5,1,0,0,0
2341,NEEDTOBREATHE,0.5,1,0,0,0
2342,NEVILLE BROTHERS,0.5,1,0,0,0
2343,NEW BIRTH,0.5,1,0,0,0
2344,NEW BOYZ,0.5,1,0,0,0
2345,NEW CHRISTY MINSTRELS,0.5,1,0,0,0
2346,NEW LIFE COMMUNITY CHOIR,0.5,1,0,0,0
2347,NEW RIDERS OF THE PURPLE SAGE,0.5,1,0,0,0
2348,NEW VAUDEVILLE BAND,0.5,1,0,0,0
2349,NICK CARTER,0.5,1,0,0,0
2350,NICK LACHEY,0.5,1,0,0,0
2351,NICOLE MULLEN,0.5,1,0,0,0
2352,NICOLETTE LARSON,0.5,1,0,0,0
2353,NINE DAYS,0.5,1,0,0,0
2354,NO MERCY,0.5,1,0,0,0
2355,NOELIA,0.5,1,0,0,0
2356,NOFX,0.5,1,0,0,0
2357,NORMAN BROWN,0.5,1,0,0,0
2358,NORMAN CONNORS,0.5,1,0,0,0
2359,NU SHOOZ,0.5,1,0,0,0
2360,O.A.R.,0.5,1,0,0,0
2361,OBIE TRICE,0.5,1,0,0,0
2362,OFFSET,0.5,1,0,0,0
2363,OINGO BOINGO,0.5,1,0,0,0
2364,OLD CROW MEDICINE SHOW,0.5,1,0,0,0
2365,OLEANDER,0.5,1,0,0,0
2366,OLETA ADAMS,0.5,1,0,0,0
2367,OLGA TANON,0.5,1,0,0,0
2368,OMARION,0.5,1,0,0,0
2369,OMC,0.5,1,0,0,0
2370,OMI,0.5,1,0,0,0
2371,OPERATION IVY,0.5,1,0,0,0
2372,ORCHESTRAL MANOEUVRES IN DARK,0.5,1,0,0,0
2373,ORIGINAL BROADWAY CAST OF DEAR EVAN HANSEN,0.5,1,0,0,0
2374,ORIGINAL CANADIAN CAST,0.5,1,0,0,0
2375,OSMOND BROTHERS,0.5,1,0,0,0
2376,OZARK MOUNTAIN DAREDEVILS,0.5,1,0,0,0
2377,PAILLARD:CHAMBER / MAURICE ANDRE,0.5,1,0,0,0
2378,PAPERBOY,0.5,1,0,0,0
2379,PAT BOONE,0.5,1,0,0,0
2380,PAT GREEN,0.5,1,0,0,0
2381,PATRA,0.5,1,0,0,0
2382,PATSY CLINE / J. REEVES,0.5,1,0,0,0
2383,PATTY SMYTH,0.5,1,0,0,0
2384,PAUL BRANDT,0.5,1,0,0,0
2385,PAUL KANTNER & JEFFERSON STARSHIP,0.5,1,0,0,0
2386,PAUL MAURIAT,0.5,1,0,0,0
2387,PAUL YOUNG,0.5,1,0,0,0
2388,PEABO BRYSON & ROBERTA FLACK,0.5,1,0,0,0
2389,PETE YORN,0.5,1,0,0,0
2390,PETER NERO,0.5,1,0,0,0
2391,PHARRELL WILLIAMS,0.5,1,0,0,0
2392,PHIL SPECTOR,0.5,1,0,0,0
2393,PHIL VASSAR,0.5,1,0,0,0
2394,PHILIP BAILEY,0.5,1,0,0,0
2395,PHOENIX,0.5,1,0,0,0
2396,PIERCE THE VEIL,0.5,1,0,0,0
2397,PIMP C,0.5,1,0,0,0
2398,PISTOL ANNIES,0.5,1,0,0,0
2399,PLASTIC ONO BAND,0.5,1,0,0,0
2400,PLAY,0.5,1,0,0,0
2401,PLUS ONE,0.5,1,0,0,0
2402,PNB ROCK,0.5,1,0,0,0
2403,POE,0.5,1,0,0,0
2404,POOH SHIESTY,0.5,1,0,0,0
2405,PORNO FOR PYROS,0.5,1,0,0,0
2406,PORTISHEAD,0.5,1,0,0,0
2407,PORTUGAL. THE MAN,0.5,1,0,0,0
2408,PRIMITIVE RADIO GODS,0.5,1,0,0,0
2409,PRISCILA Y SUS BALAS DE PLATA,0.5,1,0,0,0
2410,PROCOL HARUM,0.5,1,0,0,0
2411,PRODIGY (OF MOBB DEEP),0.5,1,0,0,0
2412,PROJECT PAT,0.5,1,0,0,0
2413,PURE PRAIRIE LEAGUE,0.5,1,0,0,0
2414,PURPLE BALLOON PLAYERS,0.5,1,0,0,0
2415,Q-TIP,0.5,1,0,0,0
2416,QUAVO,0.5,1,0,0,0
2417,QUEEN NAIJA,0.5,1,0,0,0
2418,QUEENS OF THE STONE AGE,0.5,1,0,0,0
2419,QUICKSILVER MESSENGER SERVICE,0.5,1,0,0,0
2420,RACHEL PLATTEN,0.5,1,0,0,0
2421,RACHELLE FERRELL,0.5,1,0,0,0
2422,RAMSEY LEWIS,0.5,1,0,0,0
2423,RANDY HOUSER,0.5,1,0,0,0
2424,RANDY NEWMAN,0.5,1,0,0,0
2425,RAY LAMONTAGNE,0.5,1,0,0,0
2426,"RAY, GOODMAN & BROWN",0.5,1,0,0,0
2427,RED,0.5,1,0,0,0
2428,REEL BIG FISH,0.5,1,0,0,0
2429,REGINA SPEKTOR,0.5,1,0,0,0
2430,RENE & ANGELA,0.5,1,0,0,0
2431,RETURN TO FORVER,0.5,1,0,0,0
2432,REX SMITH,0.5,1,0,0,0
2433,RICH MULLINS,0.5,1,0,0,0
2434,RICK TREVINO,0.5,1,0,0,0
2435,RICKY NELSON,0.5,1,0,0,0
2436,RICOCHET,0.5,1,0,0,0
2437,RIGHT SAID FRED,0.5,1,0,0,0
2438,ROB BASE,0.5,1,0,0,0
2439,ROBBIE ROBERTSON,0.5,1,0,0,0
2440,ROBBIE WILLIAMS,0.5,1,0,0,0
2441,ROBERT GOULET,0.5,1,0,0,0
2442,ROBERT MILES,0.5,1,0,0,0
2443,ROBERT RUSSELL BENNETT,0.5,1,0,0,0
2444,ROBERT SHAW,0.5,1,0,0,0
2445,ROBIN WILLIAMS,0.5,1,0,0,0
2446,ROCKWELL,0.5,1,0,0,0
2447,RODNEY CROWELL,0.5,1,0,0,0
2448,ROGER WATERS,0.5,1,0,0,0
2449,ROGERS & HAMMERSTEIN,0.5,1,0,0,0
2450,RON KENOLY,0.5,1,0,0,0
2451,RON WHITE,0.5,1,0,0,0
2452,RONNIE LAWS,0.5,1,0,0,0
2453,ROSSINGTON / COLLINS BAND,0.5,1,0,0,0
2454,ROY D. MERCER,0.5,1,0,0,0
2455,RUPERT HOLMES,0.5,1,0,0,0
2456,RUSSELL DICKERSON,0.5,1,0,0,0
2457,RUTH B.,0.5,1,0,0,0
2458,RZA,0.5,1,0,0,0
2459,S CLUB 7,0.5,1,0,0,0
2460,SAGA,0.5,1,0,0,0
2461,SAGE THE GEMINI,0.5,1,0,0,0
2462,SAIGON KICK,0.5,1,0,0,0
2463,SAM HARRIS,0.5,1,0,0,0
2464,SAM KINISON,0.5,1,0,0,0
2465,SAMANTHA SANG,0.5,1,0,0,0
2466,SAMMIE,0.5,1,0,0,0
2467,SAN SEBASTIAN STRINGS,0.5,1,0,0,0
2468,SANDPIPERS,0.5,1,0,0,0
2469,SANTA ESMERALDA,0.5,1,0,0,0
2470,SAVING ABEL,0.5,1,0,0,0
2471,SEAN KINGSTON,0.5,1,0,0,0
2472,SEBASTIAN,0.5,1,0,0,0
2473,SEDUCTION,0.5,1,0,0,0
2474,SELAH,0.5,1,0,0,0
2475,SENSES FAIL,0.5,1,0,0,0
2476,SGT. BARRY SADLER,0.5,1,0,0,0
2477,SHA NA NA,0.5,1,0,0,0
2478,SHANICE WILSON,0.5,1,0,0,0
2479,SHANNON,0.5,1,0,0,0
2480,SHECK WES,0.5,1,0,0,0
2481,SHIRLEY MURDOCK,0.5,1,0,0,0
2482,SILVER CONVENTION,0.5,1,0,0,0
2483,SILVERSUN PICKUPS,0.5,1,0,0,0
2484,SIMPLE MINDS,0.5,1,0,0,0
2485,SKEE-LO,0.5,1,0,0,0
2486,SKI MASK THE SLUMP GOD,0.5,1,0,0,0
2487,SKRILLEX & DIPLO,0.5,1,0,0,0
2488,SKYY,0.5,1,0,0,0
2489,SLIM THUG,0.5,1,0,0,0
2490,SMILE EMPTY SOUL,0.5,1,0,0,0
2491,SMITHEREENS,0.5,1,0,0,0
2492,SNAP,0.5,1,0,0,0
2493,SNOOP DOGG & WIZ KHALIFA,0.5,1,0,0,0
2494,SOEUR SOURIRE,0.5,1,0,0,0
2495,SOLANGE,0.5,1,0,0,0
2496,SOLO,0.5,1,0,0,0
2497,SOMO,0.5,1,0,0,0
2498,SON BY FOUR,0.5,1,0,0,0
2499,SONICFLOOD,0.5,1,0,0,0
2500,SOULFLY,0.5,1,0,0,0
2501,SPACEHOG,0.5,1,0,0,0
2502,SPARKLE,0.5,1,0,0,0
2503,SPIRIT,0.5,1,0,0,0
2504,SPONGE,0.5,1,0,0,0
2505,SR-71,0.5,1,0,0,0
2506,STACIE ORRICO,0.5,1,0,0,0
2507,STAN GETZ,0.5,1,0,0,0
2508,STANLEY JORDAN,0.5,1,0,0,0
2509,STARPOINT,0.5,1,0,0,0
2510,STARS ON 45,0.5,1,0,0,0
2511,STEELHEART,0.5,1,0,0,0
2512,STEPHEN BISHOP,0.5,1,0,0,0
2513,STEVE AOKI,0.5,1,0,0,0
2514,STEVE GREEN,0.5,1,0,0,0
2515,STEVE HOLY,0.5,1,0,0,0
2516,STEVE VAI,0.5,1,0,0,0
2517,STILLS / YOUNG BAND,0.5,1,0,0,0
2518,STING & THE POLICE,0.5,1,0,0,0
2519,STRAIGHT NO CHASER,0.5,1,0,0,0
2520,STROKE 9,0.5,1,0,0,0
2521,STYLES,0.5,1,0,0,0
2522,SUFJAN STEVENS,0.5,1,0,0,0
2523,SUICIDAL TENDENCIES,0.5,1,0,0,0
2524,SUN,0.5,1,0,0,0
2525,SUNSHINE ANDERSON,0.5,1,0,0,0
2526,SUSAN TEDESCHI,0.5,1,0,0,0
2527,SWEET,0.5,1,0,0,0
2528,SWING OUT SISTER,0.5,1,0,0,0
2529,SWINGFIELD BIG BAND,0.5,1,0,0,0
2530,SYLVESTER,0.5,1,0,0,0
2531,SYLVIA,0.5,1,0,0,0
2532,T. REX,0.5,1,0,0,0
2533,T.A.T.U.,0.5,1,0,0,0
2534,TAG TEAM,0.5,1,0,0,0
2535,TALIB KWELI,0.5,1,0,0,0
2536,TAMELA MANN,0.5,1,0,0,0
2537,TAMIA,0.5,1,0,0,0
2538,TANK,0.5,1,0,0,0
2539,TANTRIC,0.5,1,0,0,0
2540,TASHA COBBS LEONARD,0.5,1,0,0,0
2541,TEAR DA CLUB UP THUGS,0.5,1,0,0,0
2542,TECH N9NE,0.5,1,0,0,0
2543,TEE GRIZZLEY,0.5,1,0,0,0
2544,TENTH AVENUE NORTH,0.5,1,0,0,0
2545,THE ANIMALS,0.5,1,0,0,0
2546,THE ATARIS,0.5,1,0,0,0
2547,THE AVETT BROTHERS,0.5,1,0,0,0
2548,THE CALLING,0.5,1,0,0,0
2549,THE CARTERS,0.5,1,0,0,0
2550,THE CHEMICAL BROTHERS,0.5,1,0,0,0
2551,THE CHURCH,0.5,1,0,0,0
2552,THE CIVIL WARS,0.5,1,0,0,0
2553,THE CLICK,0.5,1,0,0,0
2554,THE DALLAS BRASS,0.5,1,0,0,0
2555,THE DARKNESS,0.5,1,0,0,0
2556,THE DECEMBERISTS,0.5,1,0,0,0
2557,THE DEELE,0.5,1,0,0,0
2558,THE EVERLY BROTHERS,0.5,1,0,0,0
2559,THE FIRM,0.5,1,0,0,0
2560,THE FLAMING LIPS,0.5,1,0,0,0
2561,THE FOUR TOPS,0.5,1,0,0,0
2562,THE HEAD AND THE HEART,0.5,1,0,0,0
2563,THE HEIGHTS,0.5,1,0,0,0
2564,THE HOLLIES,0.5,1,0,0,0
2565,THE IRISH TENORS,0.5,1,0,0,0
2566,THE JACKSON FIVE,0.5,1,0,0,0
2567,THE KENDALLS,0.5,1,0,0,0
2568,THE KID LAROI,0.5,1,0,0,0
2569,THE KINLEYS,0.5,1,0,0,0
2570,THE KLF,0.5,1,0,0,0
2571,THE MISFITS,0.5,1,0,0,0
2572,THE MUPPETS & ROBIN GIBB,0.5,1,0,0,0
2573,THE NEPTUNES,0.5,1,0,0,0
2574,THE PHARCYDE,0.5,1,0,0,0
2575,THE PIANO GUYS,0.5,1,0,0,0
2576,THE PROCLAIMERS,0.5,1,0,0,0
2577,THE ROMANTICS,0.5,1,0,0,0
2578,THE SOUTHER-HILLMAN-FURAY BAND,0.5,1,0,0,0
2579,THE VINES,0.5,1,0,0,0
2580,THE WIGGLES,0.5,1,0,0,0
2581,THE WILKINSONS,0.5,1,0,0,0
2582,THE WINANS,0.5,1,0,0,0
2583,THE WRECKERS,0.5,1,0,0,0
2584,THE XX,0.5,1,0,0,0
2585,THIN LIZZY,0.5,1,0,0,0
2586,THOMPSON SQUARE,0.5,1,0,0,0
2587,THUG LIFE,0.5,1,0,0,0
2588,TODD RUNDGREN,0.5,1,0,0,0
2589,TOM BROWNE,0.5,1,0,0,0
2590,TOM COCHRANE,0.5,1,0,0,0
2591,TOM LEHRER,0.5,1,0,0,0
2592,TOM T. HALL,0.5,1,0,0,0
2593,TOM TOM CLUB,0.5,1,0,0,0
2594,TOMMY BOLIN,0.5,1,0,0,0
2595,TONES AND I,0.5,1,0,0,0
2596,TONI BASIL,0.5,1,0,0,0
2597,TONI CHILDS,0.5,1,0,0,0
2598,TONY BENNETT & K.D. LANG,0.5,1,0,0,0
2599,TONY BENNETT & LADY GAGA,0.5,1,0,0,0
2600,TORI KELLY,0.5,1,0,0,0
2601,TORY LANEZ,0.5,1,0,0,0
2602,TOWER OF POWER,0.5,1,0,0,0
2603,TRACY BONHAM,0.5,1,0,0,0
2604,TRAMMPS,0.5,1,0,0,0
2605,"TREY PARKER, ROBERT LOPEZ, MATT STONE",0.5,1,0,0,0
2606,TRICK PONY,0.5,1,0,0,0
2607,TRILLVILLE  /  LIL' SCRAPPY,0.5,1,0,0,0
2608,TRIN-I-TEE 5:7,0.5,1,0,0,0
2609,TRINA,0.5,1,0,0,0
2610,TRINI LOPEZ,0.5,1,0,0,0
2611,TRIXTER,0.5,1,0,0,0
2612,TROOP,0.5,1,0,0,0
2613,TROYE SIVAN,0.5,1,0,0,0
2614,TRUSTCOMPANY,0.5,1,0,0,0
2615,TURTLES,0.5,1,0,0,0
2616,TWEET,0.5,1,0,0,0
2617,TYLER CHILDERS,0.5,1,0,0,0
2618,U.G.K.,0.5,1,0,0,0
2619,UNCLE SAM,0.5,1,0,0,0
2620,VAN ZANT,0.5,1,0,0,0
2621,VANESSA HUDGENS,0.5,1,0,0,0
2622,VANILLA FUDGE,0.5,1,0,0,0
2623,VANITY 6,0.5,1,0,0,0
2624,VAUGHN MEADER,0.5,1,0,0,0
2625,VEGGIE TALES,0.5,1,0,0,0
2626,VENGABOYS,0.5,1,0,0,0
2627,VERUCA SALT,0.5,1,0,0,0
2628,VICIOUS BASS,0.5,1,0,0,0
2629,VICTORIOUS CAST FEAT. VICTORIA JUSTICE,0.5,1,0,0,0
2630,VIVIAN GREEN,0.5,1,0,0,0
2631,VIXEN,0.5,1,0,0,0
2632,WALTER MURPHY & THE BIG APPLE BAND,0.5,1,0,0,0
2633,WANG CHUNG,0.5,1,0,0,0
2634,WAYLON JENNINGS & JESSI COLTER,0.5,1,0,0,0
2635,WES MONTGOMERY,0.5,1,0,0,0
2636,WILCO,0.5,1,0,0,0
2637,WILLIE NELSON & LEON RUSSELL,0.5,1,0,0,0
2638,WILLIE NELSON & RAY PRICE,0.5,1,0,0,0
2639,WISIN Y YANDEL,0.5,1,0,0,0
2640,WOLFMOTHER,0.5,1,0,0,0
2641,WU-TANG KILLA BEES,0.5,1,0,0,0
2642,YARBROUGH & PEOPLES,0.5,1,0,0,0
2643,"YBN NAHMIR, YBN CORDAE & YBN ALMIGHTY JAY",0.5,1,0,0,0
2644,YELAWOLF,0.5,1,0,0,0
2645,YK OSIRIS,0.5,1,0,0,0
2646,YO YO MA,0.5,1,0,0,0
2647,YO YO MA & BOBBY MCFERRIN,0.5,1,0,0,0
2648,YOUNG BLEED,0.5,1,0,0,0
2649,YOUNG MONEY,0.5,1,0,0,0
2650,YOUNG THE GIANT,0.5,1,0,0,0
2651,YOUNGBLOODZ,0.5,1,0,0,0
2652,YUKMOUTH,0.5,1,0,0,0
2653,YUNG JOC,0.5,1,0,0,0
2654,ZACH WILLIAMS,0.5,1,0,0,0
2655,ZEBRA,0.5,1,0,0,0
